App.,Taxon,Term,Unit,Country,1975,1976,1977,1978,1979,1980,1981,1982,1983,1984,1985,1986,1987,1988,1989,1990,1991,1992,1993,1994,1995,1996,1997,1998,1999,2000,2001,2002,2003,2004,2005,2006,2007,2008,2009,2010,2011,2012,2013,2014,2015,2016,2017,2018
I,Manidae spp.,scales,kg,HK,,,,,,,,,,,,,,,,,,,,,,,,,,,,,,,,,,,,,,,,,,,14.8,
I,Manis gigantea,leather products (small),,MX,,,,,,,,,,,,,,,,,,,,,,,,,,,,,,,,,,,,,,,,,,,2,
I,Manis javanica,specimens,g,SG,,,,,,,,,,,,,,,,,,,,,,,,,,,,,,,,,,,,,,,,,,,1692,
I,Manis pentadactyla,medicine,,VN,,,,,,,,,,,,,,,,,,,,,,,,,,,,,,,,,,,,,,,,,,,24,
I,Manis pentadactyla,specimens,,US,,,,,,,,,,,,,,,,,,,,,,,,,,,,,,,,,,,,,,,,,,,1,
I,Manis spp.,bodies,,LR,,,,,,,,,,,,,,,,,,,,,,,,,,,,,,,,,,,,,,,,,,,1,
I,Manis spp.,leather products (small),,MX,,,,,,,,,,,,,,,,,,,,,,,,,,,,,,,,,,,,,,,,,,,9,
I,Manis spp.,meat,kg,FR,,,,,,,,,,,,,,,,,,,,,,,,,,,,,,,,,,,,,,,,,,,2,
I,Manis spp.,meat,,NG,,,,,,,,,,,,,,,,,,,,,,,,,,,,,,,,,,,,,,,,,,,2,
I,Manis spp.,meat,,TG,,,,,,,,,,,,,,,,,,,,,,,,,,,,,,,,,,,,,,,,,,,8,
I,Manis spp.,medicine,,CN,,,,,,,,,,,,,,,,,,,,,,,,,,,,,,,,,,,,,,,,,,,17,
I,Manis spp.,medicine,,VN,,,,,,,,,,,,,,,,,,,,,,,,,,,,,,,,,,,,,,,,,,,1440,
I,Manis spp.,medicine,,XX,,,,,,,,,,,,,,,,,,,,,,,,,,,,,,,,,,,,,,,,,,,5,
I,Manis spp.,scales,kg,HK,,,,,,,,,,,,,,,,,,,,,,,,,,,,,,,,,,,,,,,,,,,12.8,
I,Manis spp.,scales,kg,KH,,,,,,,,,,,,,,,,,,,,,,,,,,,,,,,,,,,,,,,,,,,1,
I,Manis spp.,specimens,,BW,,,,,,,,,,,,,,,,,,,,,,,,,,,,,,,,,,,,,,,,,,,1,
I,Manis temminckii,bodies,,CG,,,,,,,,,,,1,,,,,,,,,,,,,,,,,,,,,,,,,,,,,,,,,
I,Manis temminckii,bodies,,ZA,,,,,,,,,,,1,,,,,,,,,,,,,,,,,,,,,,,,,,,,,,,,,
I,Manis tetradactyla,scales,g,CI,,,,,,,,,,,,,,,,,,,,,,,,,,,,,,,,,,,,,,,,,,,10,
I,Manis tetradactyla,scales,,CI,,,,,,,,,,,,,,,,,,,,,,,,,,,,,,,,,,,,,,,,,,,2,
I,Manis tetradactyla,specimens,,DE,,,,,,,,,,,,,,,,,,,,,,,,,,,,,,,,,,,,,,,,,,,1,
I,Manis tetradactyla,specimens,,US,,,,,,,,,,,,,,,,,,,,,,,,,,,,,,,,,,,,,,,,,,,1,
I,Manis tricuspis,specimens,,US,,,,,,,,,,,,,,,,,,,,,,,,,,,,,,,,,,,,,,,,,,,1,
II,Manis crassicaudata,bodies,,GB,,,,,,,,,,,,,,,,,,,,,,,,,,,,,,,,,,,,,,,,,1,,,
II,Manis crassicaudata,leather products (small),,TW,,,,,,,,,,1,,,,,,,,,,,,,,,,,,,,,,,,,,,,,,,,,,
II,Manis crassicaudata,shoes,,ES,,,,,,,,,,,2,,,,,,,,,,,,,,,,,,,,,,,,,,,,,,,,,
II,Manis crassicaudata,shoes,,SG,,,,,,,,,,,,1,,,,,,,,,,,,,,,,,,,,,,,,,,,,,,,,
II,Manis crassicaudata,skins,cm,JP,,,,,,,28032,11840,,,,,,,,,,,,,,,,,,,,,,,,,,,,,,,,,,,,
II,Manis crassicaudata,skins,,JP,,,,298,5190,2810,1557,,6,,,,,,,,,,,,,,,,,,,,,,,,,,,,,,,,,,,
II,Manis crassicaudata,skins,,SG,,,,,,,,,700,,,,,,,,,,,,,,,,,,,,,,,,,,,,,,,,,,,
II,Manis crassicaudata,specimens,ml,CA,,,,,,,,,,,,,,,,,,,,,,,,,,,,,,,,,,,,,,,,7,,,,
II,Manis crassicaudata,specimens,,LK,,,,,,,,,,,,,,,,,,,,,,,,,,,,,,,,,,1,,,,,,,,,,
II,Manis crassicaudata,specimens,,PK,,,,,,,,,,,,,,,,,,,,,,,,,,,,,,1,,,,,,,,,,,,,,
II,Manis crassicaudata,specimens,,US,,,,,,,,,,,,,,,,,,,,,,,,,,,,,,,,,,,,,,,,14,1,,,
II,Manis culionensis,specimens,,PH,,,,,,,,,,,,,,,,,,,,,,,,,,,,,,,,,1,,6,,,,,,,,,
II,Manis culionensis,specimens,,US,,,,,,,,,,,,,,,,,,,,,,,,,,,,,,,,,,,,,,2,,5,5,,,
II,Manis gigantea,bodies,,CM,,,,,,,,,,,,,,,,,,,,,,,,,1,,,,,,,,,,,,,,,,,,,
II,Manis gigantea,bodies,,GA,,,,,,,,,,,,,,,,,,,,,,,,,,,,,,1,,,,,,,,,,,,,,
II,Manis gigantea,derivatives,g,CN,,,,,,,,,,,,,,,,,,,,,,,,,,,,,,,,,,,,175,,,,,,,,
II,Manis gigantea,leather products (small),,MX,,,,,,,,,,,,,,,,,,,,,,,,,,,,,,,,,,,,,,,,120,58,,2,
II,Manis gigantea,live,,NG,,,,,,,,,,,,,,,,,,,,,,,,,,,,,,,,,,,,,,,,,100,,,
II,Manis gigantea,live,,TG,,,,,,,,,,,,,,,,,,,,,,,,,,,,,,,,,,,,,10,58,,,,,,
II,Manis gigantea,scales,g,ZA,,,,,,,,,,,,,,,,,,,,,,,,,,,,,,,,,,,,,,,,,,500,,
II,Manis gigantea,scales,kg,BI,,,,,,,,,,,,,,,,,,,,,,,,,,,,,,,,,,,,,,,,,,6521,7705.7,
II,Manis gigantea,scales,kg,GA,,,,,,,,,,,,,,,,,,,,,,,,,,,,,,,,,,,,,,0.14,,,,,,
II,Manis gigantea,scales,kg,TG,,,,,,,,,,,,,,,,,,,,,,,,,,,,,,,,,,,,,50,135,110,,,,,
II,Manis gigantea,scales,kg,UG,,,,,,,,,,,,,,,,,,,,,,,,,,,,,,,,,,,,,,70,70,3310,,4099,,
II,Manis gigantea,scales,,GA,,,,,,,,,,,,,,,,,,,,,,,,,,,,,,,,,,,,,,7,,,,29,,
II,Manis gigantea,scales,,LR,,,,,,,,,,,,,,,,,,,,,,,,,,,,,,,,,,,,,,,,1,,,,
II,Manis gigantea,scales,,TG,,,,,,,,,,,,,,,,,,,,,,,,,,,,,,,,,,,,,20,45,,,,,,
II,Manis gigantea,skin pieces,,DK,,,,,,,,,,,,,,,,,,,,,,,,,,,,,,,,,,,,,,,,,2,,,
II,Manis gigantea,skin pieces,,TG,,,,,,,,,,,,,,,,,,,,,,,,,,,,,,,,,,,,,,,51,,,,,
II,Manis gigantea,skin pieces,,TH,,,,,,,,,,,,,,,,,,,,,,,,,,,,,,,,,,,,,,,10,,,,,
II,Manis gigantea,skins,kg,UG,,,,,,,,,,,,,,,,,,,,,,,,,,,,,,,,,,,,,,,,,,3000,,
II,Manis gigantea,skins,,MX,,,,,,,,,,,,,,,,,,,,,,,,,,,,,,,,,,,,,,,,50,,,,
II,Manis gigantea,skins,,TG,,,,,,,,,,,,,,,,,,,,,,,,,,,,,,,,,,,,,10,,225,200,,,,
II,Manis gigantea,skins,,TH,,,,,,,,,,,,,,,,,,,,,,,,,,,,,,,,,,,,,,,10,,,,,
II,Manis gigantea,skins,,US,,,,,,,,,,,,,,,,,,,,,,,,,,,,,,,,,,,,,,,225,,,,,
II,Manis gigantea,specimens,,CM,,,,,,,,,,,,,,,,,,,,,,,,,,,,,,,,,11,,,,,,,,,,,
II,Manis gigantea,trophies,,LR,,,,,,,,,,,,,,,,,,,,,,,,,,,,,,,,,,,,,,,1,1,,,,
II,Manis javanica,bodies,,HK,,,,,,,,,,,,,,,,,,2,,,,,,,,,,,,,,,,,,,,,,,,,,
II,Manis javanica,bodies,,ID,,,,,,,,,,,,,,,1,,,,,,,,,,,,,,,,,,,,,,,,,,,,,
II,Manis javanica,bodies,,JP,,,,,,,,,,,,,,,,,1,,,,,,,,,,,,,,,,,,,,,,,,,,,
II,Manis javanica,bodies,,KH,,,,,,,,,,,,,,,,,,,,,,,,,,,,,,,,,,,,,,6,,,,,,
II,Manis javanica,bodies,,KR,,,,,,,,,,,,,,,,,,,1,,,,,,,,,,,,,,,,,,,,,,,,,
II,Manis javanica,bodies,,MY,,,,,,,,,,,,,,,,,,,,,,,,,1,1,,,,,,,,,,,1,1,,,,,,
II,Manis javanica,bodies,,PH,,,,,,,,,,,,,,,,,1,1,,,,,,,,,,,,,,,,,,,,,,,,,,
II,Manis javanica,bodies,,SG,,,,,,,,,,,,1,,,,,,,,,,,1,,,,,,,,,,,,,,,,,,,,,
II,Manis javanica,bodies,,TH,,,,,,,,,,,,,,,,,1,,,,,,,,,,,,,,,,,,,,,,,,,,,
II,Manis javanica,bodies,,VN,,,,,,,,,,,,,,,,1,1,2,2,2,,,,,,,,,,,,,,,,,,,,,,,,
II,Manis javanica,bodies,,XX,,,,,,,,,,1,,,,,,,1,,,1,3,,,,,,,,,,,,,,,,,,,,,,,
II,Manis javanica,derivatives,,TH,,,,,,,,,,,,,,,,,,,,,,,,,,,,,,,,,,,,,2,,,,,,,
II,Manis javanica,garments,,MX,,,,,,,,,,,,,,,,,,,,,,9,,,,,,,,,,,,,,,,,,,,,,
II,Manis javanica,garments,,NL,,,,,,,,,,,,,,,,,,,,,,,,,,,,,,,,,,,,,,,1,1,,,,
II,Manis javanica,leather,pieces,JP,,,,,,,,,820,,,,,,,,,,,,,,,,,,,,,,,,,,,,,,,,,,,
II,Manis javanica,leather items,pairs,CA,,,,,,,,,,,,,,,,,,,,,,,,3,,,,,,,,,,,,,,,,,,,,
II,Manis javanica,leather items,,CA,,,,,,,,,,,,,,,,,,,,,,,1,,,,,,,,,,,,,,,,,,,,,
II,Manis javanica,leather items,,FR,,,,,,,,,,,,,,,,19,,,,,,,,,,,,,,,,,,,,,,,,,,,,
II,Manis javanica,leather items,,IT,,,,,,,,,7,,,18,,,,,,,,,,,,,,,,,,,,,,,,,,,,,,,,
II,Manis javanica,leather items,,JP,,,,,,,,,,70,300,,72,,,,,,,,,,,,,,,,,,,,,,,,,,,,,,,
II,Manis javanica,leather items,,LA,,,,,,,,,,,,,,,,,,,,14,750,,,,,,,,,,,,,,,,,,,,,,,
II,Manis javanica,leather items,,MX,,,,,,,,,154,25,94,161,410,,,,91,41,,,1,1,,,,,,,,,,,,,,,,,,,,,,
II,Manis javanica,leather items,,PH,,,,,,,,,,,,,,,,3,,,,,,,,,,,,,,,,,,,,,,,,,,,,
II,Manis javanica,leather items,,TH,,,,,,,,,,1,,,,2,2,,,,,,,,,,,,,,,,,,,,,,,,,,,,,
II,Manis javanica,leather items,,US,,,,,,,,16,,,7,,54,3,,,10,3,7,,1,3,1,,,,,,,,,,,,,,,,,,,,,
II,Manis javanica,leather items,,ZA,,,,,,,,,,,,,,,,,,,,,,136,,,,,,,,,,,,,,,,,,,,,,
II,Manis javanica,leather products (large),,DE,,,,,,,,,,,,,,,,,,,,,,,,,,,1,,,,,,,,,,,,,,,,,
II,Manis javanica,leather products (large),,MX,,,,,,,,,,,,,,,,,,,,,,,,,,40,,,,,,,,,,,,,,,,,,
II,Manis javanica,leather products (large),,US,,,,,,,,,,,,,,,,,,,,,,,,12,2,,,,,,,,,,,,,,,,,,,
II,Manis javanica,leather products (small),pairs,MX,,,,,,,,,,,,,,,,,,,,,,,,,,1553,,,,,,,,,,,,,,,,,,
II,Manis javanica,leather products (small),pairs,TH,,,,,,,,,,,,,,,,,,,,,,,,,1,,,,,,,,,,,,,,,,,,,
II,Manis javanica,leather products (small),pairs,US,,,,,,,,,,,,,,,,,,,,,,,,,,8,,,,,,,,,,,,,,,,,,
II,Manis javanica,leather products (small),,FR,,,,,,,,,,,,,1,,,,,,,,,,,,,,,,,,,,,,,,,,,,,,,
II,Manis javanica,leather products (small),,HK,,,,,,,,,,,,,,,,,,,,,,,,,,,,1,,,,,,,,,,,,,,,,
II,Manis javanica,leather products (small),,IT,,,,,,,,,32,37,,18,,,4,4,,,,,,,,,,,,,,,,,,,,,,,,,,,,
II,Manis javanica,leather products (small),,JP,,,,,,,,,,375,,,72,,,,,,,,,,,,,,,16,,,,,,,,1,,,,,,,,
II,Manis javanica,leather products (small),,LA,,,,,,,,,,,,,,,,,,,,,,,,,,49,,,,,,,,,,,,,,,,,,
II,Manis javanica,leather products (small),,MX,,,,,,,,,,,,,,,,,20,13,,,,,,,849,1713,1,,,,,,,,,,,,,,,,,
II,Manis javanica,leather products (small),,SG,,,,,,,,,,,,,,,,,,,,,,,,,,299,,,,,,,,,,,,,,,,,,
II,Manis javanica,leather products (small),,TH,,,,,,12,,,,,,,,,,,,,,,,,,,,,,,,,,,,,,,,,,,,,,
II,Manis javanica,leather products (small),,US,,,,,,,,,,1,,,,2,,,,,,12,,10,,,,,,,,,,,,,,,,,,,,,,
II,Manis javanica,live,,CO,,,,,,,,,,236,,,,,,,,,,,,,,,,,,,,,,,,,,,,,,,,,,
II,Manis javanica,live,,ES,,,,,1,,,,,,,,,,,,,,,,,,,,,,,,,,,,,,,,,,,,,,,
II,Manis javanica,live,,ID,,,,,,,,,,,,,,,,,,,,5,,,,,,,,,,,,,,,,,,,,,,,,
II,Manis javanica,live,,JP,,,,,,450,,,,,,,,,,,,,,,,,,,,,,,,,,,,,,,,,,,,,,
II,Manis javanica,live,,MY,,,,,,,,,,,,,,,,,,,,,,,,12,,50,,,,,,,,,,,,,11,,,,,
II,Manis javanica,live,,PH,,,,,,,,,,,,,,45,492,,,,,,,,,,,,,,,,,,,,,,,,,,,,,
II,Manis javanica,live,,TH,,,,1,,,,,,,,,,,,,,,,,,,,,,,,,,,,,,,,,,,,,,,,
II,Manis javanica,meat,,TH,,,,,,,,,,,1,,,,,,,,,,,,,,,,,,,,,,,,,,,,,,,,,
II,Manis javanica,scales,g,CN,,,,,,,,,,,,,,,,,,,,,,,,,,,,,,2045,,,,,,,,,,,,,,
II,Manis javanica,scales,g,LA,,,,,,,,,,,,,,,,,,,,,,,,,,29,656,,,,,,,,,,,,,,,,,
II,Manis javanica,scales,kg,HK,,,,,,,,,,,,,,,,,,,,,,1600,,,,,,,,,,,,,,,,,,,,,,
II,Manis javanica,scales,kg,MY,,,,,,,,,,,,,,,,,,,,2000,,9430,,,,,,,,,,,,,,,,,,,,,,
II,Manis javanica,scales,kg,SG,,,,,,,,,,,,,,,,,,,,2000,,5600,,1027.5,,350,,,,,,,,,1000,1000,,800,,,,,,
II,Manis javanica,shoes,kg,MX,,,,,,,,45.36,,,,,,,,,,,,,,,,,,,,,,,,,,,,,,,,,,,,
II,Manis javanica,shoes,,CA,,,,,,,,,,,,,,,,,,,,,,,2,2,,,,,,,,,,,,,,,,,,,,
II,Manis javanica,shoes,,ES,,,215,,,,,,,,,,,,,,,,,,,,,,,,,,,,,,,,,,,,,,,,,
II,Manis javanica,shoes,,GR,,,,,,,222,,,,,,,,,,,,,,,,,,,,,,,,,,,,,,,,,,,,,
II,Manis javanica,shoes,,IT,,,,,,,,2,539,236,545,181,74,92,139,70,,,,,,,,,,,,,,,,,,,,,,,,,,,,
II,Manis javanica,shoes,,JP,,,,,,,,,,,,1,,,,,,,,,,2,,,,,,,,,,,,,,,,,,,,,,
II,Manis javanica,shoes,,MX,,,,,,,1,435,236,516,393,222,135,27,58,48,124,700,187,44,209,,259,601,1598,1687,2,,,,,,,,,,,,,,,,,
II,Manis javanica,shoes,,PH,,,,,,,,,,1,,,,,,,,,,,,,,,,,,,,,,,,,,,,,,,,,,
II,Manis javanica,shoes,,SG,,,,,,,,,107,,144,,,,,,,,,,,,,,,,,,,,,,,,,,,,,,,,,
II,Manis javanica,shoes,,TH,,,,,,,,,4,2,91,1,,1,,1,,,,,,,,,,,,,,,,,,,,,,,,,,,,
II,Manis javanica,shoes,,US,,,,,,,2,3,3,6,36,5,19,4,19,4,17,6,26.5,5.5,6,4,59,5,4,10,,,,,,,,,,,,,,,,,,
II,Manis javanica,shoes,,ZA,,,,,,,,,,6,,,,,,,,,,,39,,,,142,,,,,,,,,,,,,,,,,,,
II,Manis javanica,skin pieces,kg,US,,,,,,,57.154,,1,,2,,126,1,,,,,,,108,38.556,,,,,,,,,,,,,,,,,,,,,,
II,Manis javanica,skin pieces,kg,ZA,,,,,,,,,,,,,,,,,,,,,5.5,7.5,,,,,,,,,,,,,,,,,,,,,,
II,Manis javanica,skin pieces,m,JP,,,,,,184,,,,,,,,,,,,,,,,,,,,,,,,,,,,,,,,,,,,,,
II,Manis javanica,skin pieces,,IT,,,,,,,,,,,16,5,,,,,,,,,,,,,,,,,,,,,,,,,,,,,,,,
II,Manis javanica,skin pieces,,JP,,,,,,,,,16,665,4948,,,5,,,,,,,,,,,,,,,,,,,,,,,,,,,,,,
II,Manis javanica,skin pieces,,MX,,,,,,,,,2,,,,,5,,,,,10,,,,,,,,,,,,,,,,,,,,,,,,,
II,Manis javanica,skin pieces,,SG,,,,,,,,,,,,1500,,,,,,,,,,,,,,,,,,,,,,,,,,,,,,,,
II,Manis javanica,skin pieces,,TH,,,,,,,,,,,,,,40,,1,,,,,,,,,,,,,,,,,,,,,,,,,,,,
II,Manis javanica,skin pieces,,US,,,,,,,,,,,,686,14,7,,7600,8,,56,913,309,,,,,,,,,,,,,,,,,,,,,,,
II,Manis javanica,skin pieces,,XX,,,,,,,,1,900,,,,,,,,,,,,,,,,,,,,,,,,,,,,,,,,,,,
II,Manis javanica,skins,cm,JP,,,,,,,29904,5210,30,,,,,,,,,,,,,,,,,,,,,,,,,,,,,,,,,,,
II,Manis javanica,skins,kg,LA,,,,,,,,,,,,,,,,,,1572,,,6,,,,870,,,,,,,,,,,,,,,,,,,
II,Manis javanica,skins,kg,MX,,,,,,,,,13,,,,,,,,,,,,,,,29.51,,,,,,,,,,,,,,,,,,,,
II,Manis javanica,skins,kg,MY,,,,,,,,,,,,,,,,,,,,,,2500,,,,,,,,,,,,,,,,,,,,,,
II,Manis javanica,skins,kg,SG,,,,,,,,,,,,,,,,,,,,,,,,,2000,,,,,,,,,,,,,,,,,,,
II,Manis javanica,skins,kg,TH,,,,,,,170,,,,,,,,,,,,,,,,,,,,,,,,,,,,,,,,,,,,,
II,Manis javanica,skins,kg,US,,,,,,,57.154,30.845,175.276,109,109,230,,,,1366,,,,,,,,,,,,,,,,,,,,,,,,,,,,
II,Manis javanica,skins,kg,ZA,,,,,,,,,,,,,,,,,,,,,,8,,,,,,,,,,,,,,,,,,,,,,
II,Manis javanica,skins,m,JP,,,,,,178,,,66,,,,,,,,,,,,,,,,,,,,,,,,,,,,,,,,,,,
II,Manis javanica,skins,m,LA,,,,,,,,,,,,,,,,,470,,,,,,,,,,,,,,,,,,,,,,,,,,,
II,Manis javanica,skins,m,TW,,,,,,,,,,,900,,,,,,,,,,,,,,,,,,,,,,,,,,,,,,,,,
II,Manis javanica,skins,m,US,,,,,,,54.998,,,,,,,,,,,,,,,,,,,,,,,,,,,,,,,,,,,,,
II,Manis javanica,skins,m2,JP,,,,,,,,,59,,,,,,,,,,,,,,,,,,,,,,,,,,,,,,,,,,,
II,Manis javanica,skins,m2,LA,,,,,,,,,,,,,,,,,60,368,,,63,,,,,,,,,,,,,,,,,,,,,,,
II,Manis javanica,skins,m2,US,,,,,,,,,,18,,,,,,,,,,,,,,,,,,,,,,,,,,,,,,,,,,
II,Manis javanica,skins,pairs,CA,,,,,,,,,,,,,,,,,,,,,,,,,,,,1,,,,,,,,,,,,,,,,
II,Manis javanica,skins,,ES,,,,,9,,,,,,,,,,,,,,,,,,,,,,,,,,,,,,,,,,,,,,,
II,Manis javanica,skins,,FR,,,444,,,,,,900,,1085,,,,,,,,,,,,,,,,,,,,,,,,,,,,,,,,,
II,Manis javanica,skins,,GB,,,4,,174,,,,,,,,,,,,,,,,,,,,,,,,,,,,,,,,,,,,,,,
II,Manis javanica,skins,,HK,,,,,,,,,,,,10,9,14,,,,,,,,,,,,,,,,,,,,,,,,,,,,,,
II,Manis javanica,skins,,ID,,,,,973,750,26,,,47,,,,,,,10000,,,,,,,,,,,,,,,,,,,,,,,,,,,
II,Manis javanica,skins,,IT,,,,,,,,,,,500,,697,,,,,,,,,,,,,,,,,,,,,,,,,,,,,,,
II,Manis javanica,skins,,JP,,,,1016,3937,17014,8366,7413,3803,5916,10287,11379,3672,5,,,,,,,,42,,,515,10053,2517,3552,1540,,,,,,,,,,,,,,,
II,Manis javanica,skins,,LA,,,,,,,,,,,,,4020,,,4962,8519,19688,16083,6553,9485,8093,6574,13685,14342,5941,,,300,,,1,,,,,,,,,,,,
II,Manis javanica,skins,,MX,,,,,,,,,,3,,60,,,,,55,1282,,,,159,250,3,150,300,,,,,,,,,,,,,,,,,,
II,Manis javanica,skins,,MY,,,,,499,,,,,500,,,,,,,,,,,,,,5000,15405,21720,,,,,,,,,,,,,,,,,,
II,Manis javanica,skins,,NL,,,,,,,,,,,,,,,,,,,,,,,,,,,,,,,,,,,,,,,,1,,,,
II,Manis javanica,skins,,PH,,,,,,,,4212,,31,1620,576,779,1206,4,,,,,,,,,,,,,,,,,,,,,,,,,,,,,
II,Manis javanica,skins,,SG,,,,,,900,29200,20265,5256,,24079,15624,5310,5400,50,,,,220,,150,,,400,7551,37212,,,,,,,,,,,,,,,,,,
II,Manis javanica,skins,,TH,,,,,,14,6429,1767,460,1740,,,,,,,,,,200,566,,,20,,,1,,,,,,1,,,,,,,,,,,
II,Manis javanica,skins,,TW,,,,,,300,1150,,,,500,,1834,,,50,148,,,,,,,,,,,,,,,,,,,,,,,,,,,
II,Manis javanica,skins,,US,,,,,,,400,396,311,,2154,2479,1616,,7,8328,300,402,16,1806,961,1044,2669,750,,,,,,,,,,,,,,,,,,,,
II,Manis javanica,skins,,VN,,,,,,,,,,,,,,,,,,220,220,,150,,,,,,,,,,,,,,,,,,,,,,,
II,Manis javanica,skins,,XX,,,,,,1,1600,,83,,,,,,,,,,,,,,,,,,,,,,,,,,,,,,,,,,,
II,Manis javanica,specimens,flasks,SG,,,,,,,,,,,,,,,,,,,,,,,,,,,,,,17,9,,2,,,,,,,,,,,
II,Manis javanica,specimens,ml,AU,,,,,,,,,,,,,,,,,,,,,,,,,,,,,,,,,,1200,,,,,,,,,,
II,Manis javanica,specimens,ml,MY,,,,,,,,,,,,,,,,,,,,,,,,,,,,,,,,,,,,,,,0.30,,,,,
II,Manis javanica,specimens,ml,VN,,,,,,,,,,,,,,,,,,,,,,,,,,,,,,,,,2100,,1200,,,,,,,,,
II,Manis javanica,specimens,,ID,,,,,,,,,,,,,,,,,,,,,,,,,,,,,41,,,,,,,,,,,,,,,
II,Manis javanica,specimens,,KH,,,,,,,,,,,,,,,,,,,,,,,,,,,,,,,,,,13,,,,,,,,,,
II,Manis javanica,specimens,,MY,,,,,,,,,,,,,,,,,,,,,,,,,,,,,,,,,,,,,,,11,,,,,
II,Manis javanica,specimens,,SG,,,,,,,,,,,,,,,,,,,,,,,,,,,,,,16,9,,2,,,18,,11,,,3,2,,
II,Manis javanica,specimens,,US,,,,,,,,,,,,,,,,,,,,,,,,,,,,,,,,,,,,,,86,,7,1,,,
II,Manis pentadactyla,bodies,,CA,,,,,,,,,,,,,,,,,,1,,,,,,,,,,,,,,,,,,,1,,,,,,,
II,Manis pentadactyla,bodies,,CN,,,,,,,,,,,,,1,,,,,,,,,,,,,,,,,,,,,,,,,,,,,1,,
II,Manis pentadactyla,bodies,,DE,,,,,,,,,,,,,,,,,2,,,,,,,,,,,,,,,,,,,,,,,,,,,
II,Manis pentadactyla,bodies,,GB,,,,,,,,,,,,,,,,,,,,,,,,,,,,,,,,,,,,,,,1,,,,,
II,Manis pentadactyla,bodies,,HK,,,,,,,,,,,,,,,,,,1,,,,,,,,,,,,,,,,,,,,,,,,,,
II,Manis pentadactyla,bodies,,ID,,,,,,,,1,,,,,,,,,,,,,,,,,,,,,,,,,,,,,,,,,,,,
II,Manis pentadactyla,bodies,,MO,,,,,,,,,,,,,,,1,,,,,,,,,,,,,,,,,,,,,,,,,,,,,
II,Manis pentadactyla,bodies,,PT,,,,,,,,,,,,,,,2,,,,,,,,,,,,,,,,,,,,,,,,,,,,,
II,Manis pentadactyla,bodies,,RU,,,,,,,,,,,,,,,,,,,,,,,,,,,,,,,,,,,,,,,1,,,,,
II,Manis pentadactyla,bodies,,US,,,,,,,,,,,,,,,,1,,,,,,,,,,,,,,,,,,,,,1,,,,,,,
II,Manis pentadactyla,bodies,,VN,,,,,,,,,,,,,,,,1,,,,2,,,,,,,,,,,,,,,,,,,,,,,,
II,Manis pentadactyla,bodies,,XX,,,,,,,,,,,,,,,,,1,,,,,,,,,,,,,,,,,,,,,,,,,,,
II,Manis pentadactyla,bone pieces,,NL,,,,,,,,,,,,,,,,,,,,,,,,,,,1,,,,,,,,,,,,,,,,,
II,Manis pentadactyla,carvings,,CZ,,,,,,,,,,,,,,,,,,,,,,,,,,,1,,,,,,,,,,,,,,,,,
II,Manis pentadactyla,carvings,,NL,,,,,,,,,,,,,,,,,,,,,,,,,,,1,,,,,,,,,,,,,,,,,
II,Manis pentadactyla,claws,,NL,,,,,,,,,,,,,,,,,,,,,,,,,,,,,,,,,,,,,,,1,,,,,
II,Manis pentadactyla,derivatives,boxes,CN,,,,,,,,,,,,,,,,,,2030,,,,,,,,,,,,,,,,,,,,,,,,,,
II,Manis pentadactyla,derivatives,cartons,CN,,,,,,,,,,,,,,,,1608,2598,1002,,,,,,,,,,,,,,,,,,,,,,,,,,
II,Manis pentadactyla,derivatives,g,CN,,,,,,,,,,,,,,,,,,,,,,,,,,,,,,,,,,,,10,,,,,,,,
II,Manis pentadactyla,derivatives,g,VN,,,,,,,,,,,,,,,,,,,,,,,,,,,,,,,,,,80,,600,,,,,,,,
II,Manis pentadactyla,derivatives,kg,CN,,,,,,,,,,,,,,,,,,,,,,6,,500,,,,,,,,,,,,,,,,,,,,
II,Manis pentadactyla,derivatives,kg,TW,,,,,,,,,,,,,,,,,,,,,,,1,,,,,,,,,,,,,,,,,,,,,
II,Manis pentadactyla,derivatives,kg,VN,,,,,,,,,,,,,,,,,,,,,,,,,,,,,,,,,,,,1,,,,,,,,
II,Manis pentadactyla,derivatives,,CA,,,,,,,,,,,,,,,,,,,,,41,,,,,,,,,,,,,,,,,,,,,,,
II,Manis pentadactyla,derivatives,,CN,,,,,,,,,,,,,,,,,,30000,,,,,,,,3,,,,,,,,48,180,,,,,,,,,
II,Manis pentadactyla,derivatives,,HK,,,,,,,,,,,480,,,,,200,,,,,,,,4,,,,,,,,,,,,,,,,,,,,
II,Manis pentadactyla,derivatives,,ID,,,,,,,,,,,,,,,,,,,,,,,,,,,,,,,,,,,,1,,,,,,,,
II,Manis pentadactyla,derivatives,,LA,,,,,,,,,,,,,,,,,,,,,,,,,,,,,,,,,,,480,,40,,,,,,,
II,Manis pentadactyla,derivatives,,VN,,,,,,,,,,,,,,,,,,,,,,,,,,,,,,,,,,,18323,5140,,,,,,,,
II,Manis pentadactyla,leather items,,JP,,,,,,,,,19,11,,,,,,,,,,,,,,,,,,,,,,,,,,,,,,,,,,
II,Manis pentadactyla,leather items,,MX,,,,,,,,40,8,18,,,204,,,,,,,,,,,,,,,,,,,,,,,,,,,,,,,
II,Manis pentadactyla,leather items,,TW,,,,,,,,,40,,24,,,,,,,,,,,,,,,,,,,,,,,,,,,,,,,,,
II,Manis pentadactyla,leather items,,US,,,,,,,,2,79,11,11,2,1,5,,2,,,,,,,,,,,,,,,,,,,,,,,,,,,,
II,Manis pentadactyla,leather items,,XX,,,,,,,2,,,,,,,,,,,,,,,,,,,,,,,,,,,,,,,,,,,,,
II,Manis pentadactyla,leather products (small),,JP,,,,,,,,,8,116,,,,,,,,,,,,,,,,,,,,,,,,,,,,,,,,,,
II,Manis pentadactyla,leather products (small),,SG,,,,1,,,,,,,,,,,,,,,,,,,,,,,,,,,,,,,,,,,,,,,,
II,Manis pentadactyla,leather products (small),,TW,,,,,,,,,41,,,,,,,,,,,,,,,,,,,,,,,,,,,,,,,,,,,
II,Manis pentadactyla,leather products (small),,VN,,,,,,,,,,,,,,,,,,,,,,,,1,,,,,,,,,,,,,,,,,,,,
II,Manis pentadactyla,live,,CN,,,2,,,,,5,9,9,5,,4,2,4,4,12,,,,,4,,,,,,,2,2,,,,,,,,,,,,,,
II,Manis pentadactyla,live,,HK,,,,,,,,,,4,,,,,,,,,,,,,,,,,,,,,,,,,,,,,,,,,,
II,Manis pentadactyla,live,,TW,,,,,,,,,,,,,,,,,,,,,,,2,,,,,,,,,,1,,1,,,2,,,,2,,
II,Manis pentadactyla,live,,XX,,,,,,,,,,1,,,,,,,,,,,,,,,,,,,,,,,,,,,,,,,,,,
II,Manis pentadactyla,meat,kg,LA,,,,,,,,,,,,,,,,,,,,,,,,,1,,,,,,,,,,,,,,,,,,,
II,Manis pentadactyla,medicine,g,CN,,,,,,,,,,,,,,,,,,,,,,,,,,,,,,,,,,,,,,,,11443,,,,
II,Manis pentadactyla,medicine,g,VN,,,,,,,,,,,,,,,,,,,,,,,,,,,,,,,,,,,,,,1466,,,,,,
II,Manis pentadactyla,medicine,,CN,,,,,,,,,,,,,,,,,,,,,,,,,,,,,,,,,,,,,,,,,16,,,
II,Manis pentadactyla,medicine,,TH,,,,,,,,,,,,,,,,,,,,,,,,,,,,,,,,,,,,,,,,,,80,,
II,Manis pentadactyla,medicine,,VN,,,,,,,,,,,,,,,,,,,,,,,,,,,,,,,,,,,,,,201,,60,,,,
II,Manis pentadactyla,scales,kg,CN,,,,,,,,,,,,,,,,,,,,,,,500,,,,,,,,,,,,,,,,,,,,,
II,Manis pentadactyla,scales,kg,VN,,,,,,,,,,,,,,,,,,,,,,,,,,,,,,,,,,,0.409,,,,,,,,,
II,Manis pentadactyla,scales,,CN,,,,,,,,,,,,,,,,,,,,,,,,,,,,,,,,,,,,12,,,,,,,,
II,Manis pentadactyla,shoes,,JP,,,,,,,,,,14,,,,,,,,,,,,,,,,,,,,,,,,,,,,,,,,,,
II,Manis pentadactyla,shoes,,KR,,,,,,,,,,96,,,,,,,,,,,,,,,,,,,,,,,,,,,,,,,,,,
II,Manis pentadactyla,shoes,,MX,,,,,,,242,160,119,40,151,317,305,74,,,,197,48.5,,,,244,452,,,,,,,,,,,,,,,,,,,,
II,Manis pentadactyla,shoes,,TH,,,,,,,,,,,1,,,,,,,,,,,,,,,,,,,,,,,,,,,,,,,,,
II,Manis pentadactyla,shoes,,US,,,,,,,11,21,18,17,4,9,10,,,,,,,,,,,,,,,,,,,,,,,,,,,,,,,
II,Manis pentadactyla,skin pieces,kg,US,,,,,,,94.349,,,,,,,,,,,,,,,,,,,,,,,,,,,,,,,,,,,,,
II,Manis pentadactyla,skin pieces,m,JP,,,,,,50,,,,,,,,,,,,,,,,,,,,,,,,,,,,,,,,,,,,,,
II,Manis pentadactyla,skin pieces,,MX,,,,,,,,,,,8,,,,,,,,,,,,,,,,,,,,,,,,,,,,,,,,,
II,Manis pentadactyla,skin pieces,,TW,,,,,,,,,231,,,,,,,,,,,,,,,,,,,,,,,,,,,,,,,,,,,
II,Manis pentadactyla,skin pieces,,US,,,,,,,,,,,,1150,,,,,,,,,,,,,,,,,,,,,,,,,,,,,,,,
II,Manis pentadactyla,skins,cm,JP,,,,,,122,60623,24,,,,,,,,,,,,,,,,,,,,,,,,,,,,,,,,,,,,
II,Manis pentadactyla,skins,cm,TW,,,,,,,30635,,,,,,,,,,,,,,,,,,,,,,,,,,,,,,,,,,,,,
II,Manis pentadactyla,skins,kg,HK,,,,,,,,,,,,,,,,,1000,,,,,,,,,,,,,,,,,,,,,,,,,,,
II,Manis pentadactyla,skins,kg,JP,,,,,,,,,42,,,,,,,,,,,,,,,,,,,,,,,,,,,,,,,,,,,
II,Manis pentadactyla,skins,kg,KR,,,,,,,,,,30,,,,,,,,,,,,,,,,,,,,,,,,,,,,,,,,,,
II,Manis pentadactyla,skins,kg,US,,,,,,,,45.36,,,,,,,,,,,,,,,,,,,,,,,,,,,,,,,,,,,,
II,Manis pentadactyla,skins,kg,VN,,,,,,,,,,,,,,,,,,1000,,,,,,,,,,,,,,,,,,,,,,,,,,
II,Manis pentadactyla,skins,m,US,,,,,,,118.730,,,,,,,,,,,,,,,,,,,,,,,,,,,,,,,,,,,,,
II,Manis pentadactyla,skins,,CN,,,,350,,,,350,,,,,,,,,,,,,,,,,,,,,,,,,,,,,,,,,,,,
II,Manis pentadactyla,skins,,DE,,,,,,,,,,,,,,,,,,,,,,,,1,,,,,,,,,,,,,,,,,,,,
II,Manis pentadactyla,skins,,HK,,,,,,,,,,,,5,,,,,,,,,,,,,,,,,,,,,,,,,,,,,,,,
II,Manis pentadactyla,skins,,JP,,,,3331,2737,8451,8370,837,347,1426,1002,780,,,,,,,,,,,,,,,,,,,,,,,,,,,,,,,,
II,Manis pentadactyla,skins,,KR,,,,,,,,,,,,,,,,,5000,,,,,,,,,,,,,,,,,,,,,,,,,,,
II,Manis pentadactyla,skins,,LA,,,,,,,,,,,,,,,,,,,,,,,,,,,,,,,,,,,,1000,,,,,,,,
II,Manis pentadactyla,skins,,NL,,,,,,,596,,,,,,,,,,,,,,,,,,,,,,,,,,,,,,,,,,,,,
II,Manis pentadactyla,skins,,SG,,,,,,,,,800,,,,,,,,,,,,,,500,,,,,,,,,,,,,,,,,,,,,
II,Manis pentadactyla,skins,,TH,,,,,,,779,150,,650,,,,,,,,,,,,,,,,,,,,,,,,,,,,,,,,,,
II,Manis pentadactyla,skins,,TW,,,,,500,1350,7472,2450,2800,2380,1000,,,,,,,,,,,,,,,,,,,,,,,,,,,,,,,,,
II,Manis pentadactyla,skins,,US,,,,,,,,,,720,,1056,,,,,,50,,,,,,,,,,,,,,,,,,,,,,,,,,
II,Manis pentadactyla,skins,,VN,,,,,,,,,,,,,,,,,,5000,,,,,500,,400,1000,,,,2,,,,,,,,,,,,,,
II,Manis pentadactyla,skins,,XX,,,,,,,,,,1,,,,,,,,,,,,,,,,,,,,,,,,,,,,,,,,,,
II,Manis pentadactyla,skin scraps,kg,US,,,,,,,94.349,,,,,,,,,,,,,,,,,,,,,,,,,,,,,,,,,,,,,
II,Manis pentadactyla,specimens,kg,TW,,,,,,,,,,,,,,,,,,,,,,,,,,,,,,,,,,14,,,,,,,,,,
II,Manis pentadactyla,specimens,,CN,,,,,,,,,,,3,,,,,,,,,,,,,,,,,,,,,,,,,1,,,,,,,,
II,Manis pentadactyla,specimens,,HK,,,,,,,,,,,,,,,,,,,,,,,,,,,,,,,,,,,,,,,,10,,,,
II,Manis pentadactyla,specimens,,TW,,,,,,,,,,,,,,,,,,,,,,,,,,20,3,,,,63,,80,,,,,,,,,,,
II,Manis pentadactyla,specimens,,US,,,,,,,,,,,,,,,,,,,,,,,,,,,,,,,,,,,,,,26,,22,1,,,
II,Manis pentadactyla,specimens,,XX,,,,,,,,,,,,,,,,,,,,,,,,,,,,,,,,,,,,,1,,,,,,,
II,Manis spp.,bodies,kg,CM,,,,,,,,,,,,,,,,,,,,,,,,,,,,,,,,,2,,,,,,,,,,,
II,Manis spp.,bodies,,CA,,,,,,,,,,,,,,,,,,,,,,,,,,,,,,,,,,,,,,,,,,1,,
II,Manis spp.,bodies,,CM,,,,,,,,,,,,,,,,,,,,,,,,,,2,,,,,,1,,,,3,,,,,1,,,
II,Manis spp.,bodies,,DJ,,,,,,,,,,,,,,,,,,,,,,,,,,1,,,,,,,,,,,,,,,,,,
II,Manis spp.,bodies,,DK,,,,,,,,,,,,,,,,,1,,,,,,,,,,,,,,,,,,,,,,,,,,,
II,Manis spp.,bodies,,GB,,,,,,,,,,,,,,,,,,,,,,,,,,,,,,,,,,,,,,,,,,1,,
II,Manis spp.,bodies,,GH,,,,,,,,,,,,,,,,,,,,,,,,,,,,,,,,,1,,,,,,,,,,,
II,Manis spp.,bodies,,GQ,,,,,,,,,,,,,,,,,,,,,,,,,,,,,,,,,,,,,,1,,,,,,
II,Manis spp.,bodies,,KH,,,,,,,,,,,,,,,,,,,,,,1,,,,,,,,,,,,,,,,,,,,,,
II,Manis spp.,bodies,,KR,,,,,,,,,,,,,,,,1,,,,,,,,,,,,,,,,,,,,,,,,,,,,
II,Manis spp.,bodies,,LA,,,,,,,,,,,,,,,,,,,,,1,,,,,,,,,,1,,,,,,1,,,,,,,
II,Manis spp.,bodies,,NG,,,,,,,,,,,,,,,,,,,,,,,,,,,,,,,,,,1,,,,,,,,,,
II,Manis spp.,bodies,,NZ,,,,,,,,,,,,,,,,,,,,,,,,,,,,,,,,,,,,,,,1,,,,,
II,Manis spp.,bodies,,PH,,,,,,,1,,,,,,,,,,4,,,,,,,,,,,,,,,,,,,,,,,,,,,
II,Manis spp.,bodies,,TH,,,,,,,,,,,,,,,,1,,,,,,,,4,,,,,,,,,,,,,,,,,,,,
II,Manis spp.,bodies,,VN,,,,,,,,,,,,,,,,,3,,,,,,,,,,,,,,,,,,,,,,,,,,,
II,Manis spp.,bodies,,XX,,,,,,,11,,,,,,,,,,,,,,,,,,,,,,,,,,,,,,,,,,,,,
II,Manis spp.,carvings,,KE,,,,,,,,,,,,,,,,,,,,,,,,,,,,,,,,,1,,,,,,,,,,,
II,Manis spp.,carvings,,ZA,,,,,,,,,,,,,,,15,,,,,,,,,,,,,,,,,,,,,,,,,,,,,
II,Manis spp.,claws,,BE,,,,,,,,,,,,,,,,,,,,,,,,1,,,,,,,,,,,,,,,,,,,,
II,Manis spp.,claws,,LA,,,,,,,,,,,,,,,,,,,,,,,,1,,,,,,,,,,,,1,,,,,,,,
II,Manis spp.,claws,,SG,,,,,,,,,,,,,,,,,,1,,,,,,,,,,,,,,,,,,,,,,,,,,
II,Manis spp.,claws,,US,,,,,,,,,,,,,,,,,,,,,,,,,1,,,,,,,,,,,,,,,,,,,
II,Manis spp.,derivatives,g,CN,,,,,,,,,,,,,,,,,,,,,,,,,,,,150,,,,,,,60,,,,,,,,,
II,Manis spp.,derivatives,g,LA,,,,,,,,,,,,,,,,,,,,,,454,,,,,,,,,,,,,,,,,,,,,,
II,Manis spp.,derivatives,kg,CN,,,,,,,,,,,,,,,,,,,,,,,,,,,1,,,,,,,,,2,,,,,,,,
II,Manis spp.,derivatives,kg,HK,,,,,,,,,,,,,,,,22,,,,,,,,,,,,,,,,,,,,,,,,,,,,
II,Manis spp.,derivatives,,CA,,,,,,,,,,,,,,,,,,,,,,40,,2,,,,,,,,,,,,,1,,,,,,,
II,Manis spp.,derivatives,,CN,,,,,,,,,,,,,,,,,,,,,,,,,1,17,6,6,,,,,379,318,338,1698,100,,,,,,,
II,Manis spp.,derivatives,,DE,,,,,,,,,,,,,,,,,,,,,,,,,,,,,,,,,,3,,,2,,,,,,,
II,Manis spp.,derivatives,,HK,,,,,,,,,,,,,,,,,,,1,,,,,,8,120,,,,,,,,,52,,,,,,,,,
II,Manis spp.,derivatives,,LA,,,,,,,,,,1,,,,,,,2,,,,,,1,1,,,,,,,,,,,,,,,,,,,,
II,Manis spp.,derivatives,,MY,,,,,,,,,,,,,,,,,,,,,,,,,,,10,,,,,5,,,,,,,,,,,,
II,Manis spp.,derivatives,,NL,,,,,,,,,,,,,,,,,,,,,,,,5,,,,,,,,,,,,,,,,,,,,
II,Manis spp.,derivatives,,SG,,,,,,,,,,,,,,,,,,,,,,,,,1,,,,,,,,,,,,,,,,,,,
II,Manis spp.,derivatives,,TW,,,,,,,,,,,,,,,,,,,,,,,,4,,,,,,,,,,,,,,,,,,,,
II,Manis spp.,derivatives,,US,,,,,,,,,,,,,,,,,,,,,,,,2,,,,,,,,,,,,,,,,,,,,
II,Manis spp.,derivatives,,VN,,,,,,,,,,,,,,,,,,,,,,,,,,,,,,,,24,,144,15,153,8,,,,,,,
II,Manis spp.,derivatives,,XX,,,,,,,,,,,,,,,,,,,,,,,,,2,,,,,,,,,,24,,,,,,,,,
II,Manis spp.,feet,,LA,,,,,,,,,,,,,,,,,,,,,,,4,4,,,,,,,,,,,,,,,,,,,,
II,Manis spp.,feet,,MX,,,,,,,,,,,,,,,,,,,,,,,,,,,,,,,,,,,,,,,,,,2,,
II,Manis spp.,feet,,TH,,,,,,,,,,,,,,,,,,,,,,,,1,,,2,,,,,,,,,,,,,,,,,
II,Manis spp.,feet,,XX,,,,,,,,,,,,,,,,,,,,1,,,,,,,,,,,,,,,,,,,,,,,,
II,Manis spp.,leather items,,LA,,,,,,,,,,,,,,,,,,,,,191,,,,,,,,,,,,,,,,,,,,,,,
II,Manis spp.,leather items,,MX,,,,,,,,,11,2,,3,20,,,1,,,,7,,33,,,,,,,,,,,,,,,,,,,,,,
II,Manis spp.,leather items,,NG,,,,,,,,,,,,,,,,,,,,1,,,,,,,,,,,,,,,,,,,,,,,,
II,Manis spp.,leather items,,TH,,,,,,,4,3,,,,,3,320,,1,5,,,,,,,,,,,,,,,,,,,,,,,,,,,
II,Manis spp.,leather items,,XX,,,,,,,4,1,,,,,,1,,,,,,,,,,,,,,,,,,,,,,,,,,,,,,
II,Manis spp.,leather products (large),,MX,,,,,,,,,,,,,,,,,,,,,,,,,,,,,,,,,2,,,,,,,,,,,
II,Manis spp.,leather products (large),,PH,,,,,,,,,,,,,,,,,,,,,,,,,,,,,,,,,,2,,,,,,,,,,
II,Manis spp.,leather products (small),,AE,,,,,,,,,,,,,,,,,,,,,,,,,,,,,,,,,,,,,,,6,,,,,
II,Manis spp.,leather products (small),,CM,,,,,,,,,,,,,,,,,,,,,,,,,,,,,,,,,,,,,1,,,,,,,
II,Manis spp.,leather products (small),,MX,,,,,,,,,1,,,,,,,,,,,,,,,4,,,,,,,3,,3,,3,12,12,4,,6,5,5,,
II,Manis spp.,leather products (small),,MY,,,,,,,,,,,,,,,,,,,,,,,,,,,,,,,,1,,,,,,,,,,,,
II,Manis spp.,leather products (small),,TH,,,,,,,,1,2,,,,,,,,,,,,,,,,,,,,,,,,,,,,,,,,,,,
II,Manis spp.,leather products (small),,TW,,,,,,1,,,,,,,,,,,,,,,,,,,,,,,,,,,,,,,,,,,,,,
II,Manis spp.,leather products (small),,XX,,,,,,,,,,,,,,,,,,,,,,,,,,,,,,,,2,,1,,,,,,,,,,
II,Manis spp.,live,,BJ,,,,,,,,,,,,,,,,,,,,,,,,,,,,,,,,,,,,,,,,10,,,,
II,Manis spp.,live,,CA,,,,,,,,,,,,,,,,,,,,,,3,,,,,,,,,,,,,,,,,,,,,,
II,Manis spp.,live,,TG,,,,,,,,,,,12,6,5,,,,,,,,,,,,,,,,,,,,,,,,,,,,,,,
II,Manis spp.,live,,TH,,,,,,,,,,,,,,,,,,,,,,,,,100,,,,,,,,,,,,,,,,,,,
II,Manis spp.,live,,TW,,,,,,,,,,,,,,,,,,,,,,,,33,,,,,,,,,,,,,,,,,,,,
II,Manis spp.,live,,XX,,,,,,,29,,,,,,,,,,,,,,,,,,,,,,,,,,,,,,,,,,,,,
II,Manis spp.,meat,g,CI,,,,,,,,,,,,,,,,,,,,,,,,,,,,,,,,,,,,,428,,,,,,,
II,Manis spp.,meat,g,LA,,,,,,,,,,,,,,,,,,,,,,,,,,,,,,,65,,,,,,,,,,,,,
II,Manis spp.,meat,kg,GH,,,,,,,,,,,,,,,,,,,,,,,,,,,,,,,,,,,2.454,,,,,,,,,
II,Manis spp.,meat,kg,TH,,,,,,,,,,,,,,,,,,,,,,,,2,,,,,2,,,,,,,,,,,,,,,
II,Manis spp.,meat,,CM,,,,,,,,,,,,,,,,,,,,,,,,,,,,,,,,,,,,,,,,3,,,,
II,Manis spp.,meat,,LR,,,,,,,,,,,,,,,,,,,,,,,,,,,,,,,,,,,,4,,,,,,,,
II,Manis spp.,medicine,,CA,,,,,,,,,,,,,,,,,,,,,,,,,,,,,,,,,,,,,,1,,,,,,
II,Manis spp.,medicine,,CN,,,,,,,,,,,,,,,,,,,,,,,,,,,,,,,,,,,,,,87,13,137,151,22,,
II,Manis spp.,medicine,,ID,,,,,,,,,,,,,,,,,,,,,,,,,,,,,,,,,,,,,,,,,48,,,
II,Manis spp.,medicine,,VN,,,,,,,,,,,,,,,,,,,,,,,,,,,,,,,,,,,,,,53,153,197,89,,,
II,Manis spp.,powder,g,CN,,,,,,,,,,,,,,,,,,,,,,,,,,,,,,,,,,,,14,,,,,,,,
II,Manis spp.,scales,g,CI,,,,,,,,,,,,,,,,,,,,,,,,,,,,,,,,,,,,,,,,,,40,,
II,Manis spp.,scales,g,CN,,,,,,,,,,,,,,,,,,,,,,,,,,,,,,,,,,,,,,454,,,,,,
II,Manis spp.,scales,g,HK,,,,,,,,,,,,,,,,,,,,,,,,,,,,,,,,,,,,,,,737,,,,,
II,Manis spp.,scales,g,LA,,,,,,,,,,,,,,,,,,,,,,,,,184,,61,,,,,,,23,,,,,,,,,,
II,Manis spp.,scales,g,NZ,,,,,,,,,,,,,,,,,,,,,,,,,,,,,,,,,,12.2,,,,,,,,,,
II,Manis spp.,scales,g,TH,,,,,,,,,,,,,,,,,,,,,,,,,,,,,,,,,,,,,140,,25,,,,,
II,Manis spp.,scales,g,VN,,,,,,,,,,,,,,,,,,,,,,,,,,,,13,,,,,,,,,,,,,,454,,
II,Manis spp.,scales,kg,CD,,,,,,,,,,,,,,,,,,,,,,,,,,,,,,,,,,,,,,,,,750,,,
II,Manis spp.,scales,kg,HK,,,,,,,,,,,,,,,,,,,,,,,,,,,,,,,,,,,,,,,,,27.882,,,
II,Manis spp.,scales,kg,NL,,,,,,,,,,,,,,,,,,,,,,,,,,,,,,,,,,,,,,,,,,,0.88,
II,Manis spp.,scales,kg,SG,,,,,,,,,,,,,,,,,,,,,,,,,,,,,,,,,,,,500,,,,,,,,
II,Manis spp.,scales,kg,TH,,,,,,,,,,,,,,,,,,,,,,,,,,,,,,,,0.296,,,0.13,,,,,,,,,
II,Manis spp.,scales,kg,XX,,,,,,,,,,,,,,,,,,,,,,,366,,,,,,,,,,,,,,,,,,,,,
II,Manis spp.,scales,,BR,,,,,,,,,,,,,,,,,,,,,,,,,,,,,,,,,,,1,,,,,,,,,
II,Manis spp.,scales,,CA,,,,,,,,,,,,,,,,,,,,,,,,,,,,,,,,,,,,,,,,3,,,,
II,Manis spp.,scales,,CN,,,,,,,,,,,,,,,,,,,,,,,,,,,,18,,,,,,,,,1,225,155,,,,,
II,Manis spp.,scales,,GB,,,,,,,,,,,,,,,,,,,,,,,,,,,,,,,,1,,,,,,,,,,,,
II,Manis spp.,scales,,HK,,,,,,,,,,,,,,,,,,,,,,,,,,,,4,,,,,,,,,,,,,,,,
II,Manis spp.,scales,,KE,,,,,,,,,,,,,,,,,,,,,,,,,,,,,,,,,1,,,,,,,,,,,
II,Manis spp.,scales,,LA,,,,,,,,,,,,,,,,,,,,,,,,,,,,4,,,,,,,8,,,16,,,,,,
II,Manis spp.,scales,,TH,,,,,,,,,,,,,,,,,,,,,,,,,,,,,,,5,,,,,,1,6,,1,,,,
II,Manis spp.,scales,,UG,,,,,,,,,,,,,,,,,,,,,,,,,,,,,,,,,,,50,,,,,,,,,
II,Manis spp.,scales,,US,,,,,,,,,,,,,,,,,,,,,,,,1,,,,,,,,,,,,,,,,,,,,
II,Manis spp.,scales,,XX,,,,,,,,,,,,,,,,,,,,,,,,,,,,,,2655,,,,,,,,,,,,,,
II,Manis spp.,scales,,ZA,,,,,,,,,,,,,,,,,,,,,,,,,,,,,,,,,,,,,1,,,,,,,
II,Manis spp.,shoes,,GB,,,,,,,,,,,,,,,,,,1,,,,,,,,,,,,,,,,,,,,,,,,,,
II,Manis spp.,shoes,,KR,,,,,,,,,,,,,,,,,,4,,,,,,,,,,,,,,,,,,,,,,,,,,
II,Manis spp.,shoes,,MX,,,,,,,,150,1,80,,,1,,,,,,,4,13,10,36,186,314,,4,,,,6,8,12,,,,,,,,,,,
II,Manis spp.,shoes,,PH,,,,,,,,,,32,,,,,,,,,,,,,,,,,,,,,,,,,,,,,,,,,,
II,Manis spp.,shoes,,TH,,,,,,,7,,3,,,,2,,,2,,,,,,,,,,,,,,,,,,,,,,,,,,,,
II,Manis spp.,shoes,,US,,,,,1,,,,,,,,,,,,,,,,,,,,,,,,,,,,,,,,,,,,,,,
II,Manis spp.,shoes,,XX,,,,,,,4,,5,,,,,,,,,,,,,,1,,,,8,,,,,18,8,2,,,,,,,,,,
II,Manis spp.,skin pieces,cartons,XX,,,,,,,1,,,,,,,,,,,,,,,,,,,,,,,,,,,,,,,,,,,,,
II,Manis spp.,skin pieces,,CA,,,,,,,,,,,,,,,,,,,,,,3,,,,,,,,,,,,,,,,,1,,,,,
II,Manis spp.,skin pieces,,LA,,,,,,,,,,,,,,,,,,,,,,,,,,,,,,,,,,,,,,,5,,,,,
II,Manis spp.,skin pieces,,MX,,,,,,,,,,,8,,,,,,,,,,,,,,,,,,,,,1,,,,,,,,,,,,
II,Manis spp.,skin pieces,,TH,,,,,,,,,,,,,,,,,,,,,,,,,,,,,,,9,,,,,,,,,,,,,
II,Manis spp.,skin pieces,,TW,,,,,,,,,,,,,,,,,,,,,,,,,,,,,,,15,,,,,,,,,,,,,
II,Manis spp.,skin pieces,,US,,,,,,,,,,,,,,,,,,,,,,3,,,,,,,,,,,,,,,,,,,,2,,
II,Manis spp.,skins,,CH,,,,,,,,,,,,,,,,,,,,,,,,,,,,,2,,,,,2,,,,,,,,,,
II,Manis spp.,skins,,CI,,,,,,,,,,,,,,,,,,,,,,,,,,,,,,,,,,,,1,,,,,,,,
II,Manis spp.,skins,,ES,,,,,629,,,,,,,,,,,,,,,,,,,,,,,,,,,,,,,,,,,,,,,
II,Manis spp.,skins,,HK,,,,,,,,,,,,,,,,,,,,,,,,,,150,,21,,,,,,,,,,,,,,,,
II,Manis spp.,skins,,KW,,,,,,,,,,,,,,,,,,,,,,,,,,,,,,,,,,2,,,,,,,,,,
II,Manis spp.,skins,,LA,,,,,,,,,,,,,,,,,,,,,302,,,1,,,,,,,,,,,,,,,,,,,,
II,Manis spp.,skins,,MX,,,,,,,,1,,,,,,,,,,,,1,,,,,,,,,,,,,,,,,,,,,,,,
II,Manis spp.,skins,,PH,,,,,,,,1218,4,,,,,,,,,,,,,,,,,,,,,,1,,,,,,,,,,,,,
II,Manis spp.,skins,,TH,,,,,,,,,,,,,,468,,,,,,,,,2,1,1,,,,1,,,,,,,,50,,,,,,,
II,Manis spp.,skins,,VN,,,,,,,,,,,,,,,,,,1,,,,,,,,,,,,,,,,,,,,,,,,,,
II,Manis spp.,skins,,XX,,,,,,,,,,3,,,,,,1,,,,,,,,,,,,,,,,,,,,,,,,,,,,
II,Manis spp.,specimens,flasks,TH,,,,,,,,,,,,,,,,,,,,,,,,,,,,,,,,40,,,,,,,,,,,,
II,Manis spp.,specimens,g,LA,,,,,,,,,,,,,,,,,,,,,422,,,,,,,,,,,,,,,,,,,,,,,
II,Manis spp.,specimens,,BW,,,,,,,,,,,,,,,,,,,,,,,,,,,,,,,,,,,,,,,,,,,1,
II,Manis spp.,specimens,,CI,,,,,,,,,,,,,,,,,,,,,,,,,,,,,,,,,,,,,,,,,,2,,
II,Manis spp.,specimens,,CM,,,,,,,,,,,,,,,,,,,,,,,,,,,,,,,,,5,,,,,,,,,,,
II,Manis spp.,specimens,,DK,,,,,,,,,,,,,,,,,,,,,,,,,,,,,,,,,,,,,,,,,6,,,
II,Manis spp.,specimens,,GQ,,,,,,,,,,,,,,,,,,,,,,,,,,,1,,,,,,,,,,,,,,,,,
II,Manis spp.,specimens,,HK,,,,,,,,,,,,,,,,,,,,,,,,,,2,,,,,,100,,,,,,,,,,,,
II,Manis spp.,specimens,,PA,,,,,,,,,,,,,,,,,,,,,,,,,,,,1,,,,,,,,,,,,,,,,
II,Manis spp.,specimens,,PH,,,,,,,,,,,,,,,,,,,,,,,,,,,,,,,,,1,,,,,,,,,,,
II,Manis spp.,specimens,,TH,,,,,,,,,,,,,,,,,,,,,,,,,,,,,,,,40,,,,,,,,,,,,
II,Manis spp.,specimens,,US,,,,,,,,,,,,,,,,,,,,,,1,,1,,,,,,,,,,,,,,,,2,,,,
II,Manis spp.,tails,,LA,,,,,,,,,,,,,,,,,,,,,,,,,,,,,,,,1,,1,,1,,,,,,,,
II,Manis spp.,unspecified,g,CN,,,,,,,,,,,,,,,,,,,,,,,,,122,,,,,,,,,,,,,,,,,,,
II,Manis spp.,unspecified,g,LA,,,,,,,,,,,,,,,,,,,,,,228,,100,35,50,555,,,24,62,38,,,,,,,,,,,,
II,Manis spp.,unspecified,kg,LA,,,,,,,,,,,,,,,,,,,,,,,,3,,,,,,,,,,,,,,,,,,,,
II,Manis spp.,unspecified,kg,XX,,,,,,,,,,2,,,,,,,,,,,,,,,,,,,,,,,,,,,,,,,,,,
II,Manis spp.,unspecified,,BE,,,,,,,,,,,,,,,,,,,,,,,,1,,,,,,,,,,,,,,,,,,,,
II,Manis spp.,unspecified,,LA,,,,,,,,,,,,,,,,,,,,,12,12,1,2,,,,,,,,,,,,1,,,,,,,,
II,Manis temminckii,bodies,,GB,,,,,,,,,,,,,,,,,,,,,,,,,,,,,,,,,,,,,,,1,,,,,
II,Manis temminckii,bodies,,NL,,,,,,,,,,,,,,,,,,,,,,,,,,,,,,,1,,,,,,,,,,,,,
II,Manis temminckii,bodies,,RU,,,,,,,,,,,,,,,,,,,,,,,,,,,,,,,,,,,,,,,1,,,,,
II,Manis temminckii,bodies,,ZA,,,,,,,,,,,,,,,,,,,,,,,,,,,,,,,,,,,1,1,,,,2,,,,
II,Manis temminckii,carvings,,GB,,,,,,,,,,,,,,,,,,,,,,,,,,,,,,1,,,,,,,,,,,,,,
II,Manis temminckii,leather products (small),,ZA,,,,,,,,,,,,,,,,,,,,,,,,,,,,,,,,,,1,,,,,,,,,,
II,Manis temminckii,live,,CD,,,,,,,,,,,,,,,,,,,,,,,,,,,,,,10,1,,,,,,,,,,,,,
II,Manis temminckii,live,,TZ,,,,,,,,,,,,,,,,,,,,,,,,,,,,,,,,,,,1,,,,,,,,,
II,Manis temminckii,live,,ZA,,,,,,,,,,,,,,,,,,,,,,,,,,,,,,,,,,,,,,,,,,,1,
II,Manis temminckii,scales,g,ZA,,,,,,,,,,,,,,,,,,,,,,,,,,,,,,,,,,,,,,,,,,500,,
II,Manis temminckii,scales,,NA,,,,,,,,,,,,,,,,,,,,,,,,,,,,,,,,,,,,,,,,15,,,,
II,Manis temminckii,skeletons,,TZ,,,,,,,,,,,,,,,,,,,,,,,1,,,,,,,,,,,,,,,,,,,,,
II,Manis temminckii,skin pieces,,DK,,,,,,,,,,,,,,,,,,,,,,,,,,,,,,,,,,,,,,,,,2,,,
II,Manis temminckii,specimens,kg,ZA,,,,,,,,,,,,,,,,,,,,,,,,,,,,,,,,,,,0.1,,,,,,,,,
II,Manis temminckii,specimens,,FR,,,,,,,,,,,,,,,,,,,,,,,,,,,,,,,,,,,,,,,,,1,,,
II,Manis temminckii,specimens,,GB,,,,,,,,,,,,,,,,,,,,,,,,,,,,,,,,,,,,,,,,,,1,,
II,Manis temminckii,specimens,,US,,,,,,,,,,,,,,,,,,,,,,,,,1,,,,,,,,,,,,,,,7,,,,
II,Manis temminckii,specimens,,ZA,,,,,,,,,,,,,,,,,,,,,,,,,,,,,,,,,,,2,,1,8,10,,,,,
II,Manis temminckii,trophies,,ZA,,,,,,,,,,,,,,,,,,,,,,,,,,,,,,,,,,,,,,,,1,,,,
II,Manis tetradactyla,bodies,,BE,,,,,,,,,,,,,,,,,,,,,1,,,,,,,,,,,,,,,,,,,,,,,
II,Manis tetradactyla,bodies,,FR,,,,,,,,,,,,,,,,,,,,,,,,,,1,,,,,,,,,,,,,,,,,,
II,Manis tetradactyla,live,,BJ,,,,,,,,,,,,,,,,,,,,,,,,2,,,,,,,,,,,,,,,,,,1,,
II,Manis tetradactyla,live,,NG,,,,,,,,,,,,,,,,,,,,,,,,,,,,,,,,,,,,,,,,,200,,,
II,Manis tetradactyla,live,,TG,,,,,,,,,,,,,,,,,,,,,,,,,,,,8,,3,,,1,,,,,8,5,,5,,,
II,Manis tetradactyla,scales,g,ZA,,,,,,,,,,,,,,,,,,,,,,,,,,,,,,,,,,,,,,,,,,500,,
II,Manis tetradactyla,scales,,CF,,,,,,,,,,,,,,,,,,,,,,,,,,,,,,,,,,,,,,,,,6,,,
II,Manis tetradactyla,skeletons,,CM,,,,,,,,,,,,,,,,,,,,,,,,,,,,,,,,,10,,,,,,,,,,,
II,Manis tetradactyla,skins,,CI,,,,,,,,,,,,,,,,,,,,,,,,,,1,,,,,,,,,,,,,,,,,,
II,Manis tetradactyla,skins,,CM,,,,,,,,,,,,,,,,,,,,,,,,,,,,,,,,,,,,,2,,,,,,,
II,Manis tetradactyla,skins,,TG,,,,,,,,,,,,,,,,,,,,,,,,,,,,,,,,,,,,,,,,8,,,,
II,Manis tetradactyla,skulls,,CM,,,,,,,,,,,,,,,,,,,,,,,,,,,,,,,,,14,,,,,,,,,,,
II,Manis tetradactyla,specimens,ml,CI,,,,,,,,,,,,,,,,,,,,,,,,,,,,,,,,,,,,,,,,,65,,,
II,Manis tetradactyla,specimens,ml,GH,,,,,,,,,,,,,,,,,,,,,,,,,,,,,,,,,,,,1,,,,,,,,
II,Manis tetradactyla,specimens,,BJ,,,,,,,,,,,,,,,,,,,,,,,,,6,2,,,,,,,,,,,,,,,,,,
II,Manis tetradactyla,specimens,,CD,,,,,,,,,,,,,,,,,,,,,,,,,,,,,,,,,,,,,,,5,,,,,
II,Manis tetradactyla,specimens,,CF,,,,,,,,,,,,,,,,,,,,,,,,,,40,,,,,,,,,,,,,,,,,,
II,Manis tetradactyla,specimens,,CI,,,,,,,,,,,,,,,,,,,,,,,,,,,,,,,,,,,,,,,,1,13,,,
II,Manis tetradactyla,specimens,,CM,,,,,,,,,,,,,,,,,,,,,,,,,,,,,,,,,21,,,,,,,,,,,
II,Manis tetradactyla,specimens,,FR,,,,,,,,,,,,,,,,,,,,,,,,,,,,,,,,,,,,,,,,,4,,,
II,Manis tetradactyla,specimens,,GH,,,,,,,,,,,,,,,,,,,,,,,,,,,,,,,,,,,,3,,,,,,,,
II,Manis tetradactyla,specimens,,US,,,,,,,,,,,,,,,,,,,,,,,,,,,,,,,,,,,,,,,,16,1,,,
II,Manis tricuspis,bodies,,GA,,,,,,,,,,,,,,,,,,,,,,,,,,,,2,,,,,,,,,,,,,,,,
II,Manis tricuspis,carvings,,NL,,,,,,,,,,,,,,,,,,,,,,,,,,,,,,,1,,,,,,,,,,,,,
II,Manis tricuspis,live,,BJ,,,,,,,,,,,,,,,,,,,,,,,,,,,,,,,,,,,,2,2,,,,,11,,
II,Manis tricuspis,live,,CI,,,,,,,,,,,,,,,,,,,,,,,,,,,1,,,,,,,,,,,,,,,,,
II,Manis tricuspis,live,,CM,,,,,,,,,,,,,,,,,,,,,,,,,5,5,,,,,,,20,,4,,,,,,,,,
II,Manis tricuspis,live,,GA,,,,,,,,,,,,,,,,,,,,,,,,,,,,,,,,2,,,,,,,,,,,,
II,Manis tricuspis,live,,NG,,,,,,,,,,,,,,,,,,,,,,,,,,,,,,,,,,,10,,,,,,200,,,
II,Manis tricuspis,live,,TG,,,,,,,,,,,,,,,,,3,,,,,30,1,2,,,,16,,,,,16,520,,,12,458,27,70,27,56,,
II,Manis tricuspis,scales,g,ZA,,,,,,,,,,,,,,,,,,,,,,,,,,,,,,,,,,,,,,,,,,500,,
II,Manis tricuspis,scales,kg,CD,,,,,,,,,,,,,,,,,,,,,,,,,,,,,,,,,,,,,,,,750,200,,,
II,Manis tricuspis,scales,kg,CG,,,,,,,,,,,,,,,,,,,,,,,,,,,,,,,,,,,,,,,,,1000,500,5000,
II,Manis tricuspis,scales,kg,TG,,,,,,,,,,,,,,,,,,,,,,,,,,,,,,,,,,,,,,,60,,,,,
II,Manis tricuspis,scales,,CF,,,,,,,,,,,,,,,,,,,,,,,,,,,,,,,,,,,,,,,,,276,,,
II,Manis tricuspis,scales,,GA,,,,,,,,,,,,,,,,,,,,,,,,,,,,,,,,,,,,,,,,,,53,,
II,Manis tricuspis,scales,,LR,,,,,,,,,,,,,,,,,,,,,,,,,,,,,,,,,,,,,,,,2,,,,
II,Manis tricuspis,skin pieces,,CF,,,,,,,,,,,,,,,,,,,,,,,,,,,,,,,,,,,,,,,,,3,,,
II,Manis tricuspis,skin pieces,,DK,,,,,,,,,,,,,,,,,,,,,,,,,,,,,,,,,,,,,,,,,2,,,
II,Manis tricuspis,skin pieces,,TH,,,,,,,,,,,,,,,,,,,,,,,,,,,,,,,,,,,,,50,,200,,,,,
II,Manis tricuspis,skins,,CG,,,,,,,,,,,,,,,,,,,,,,,,,,,,,,,,,,,,,1,,,,,,,
II,Manis tricuspis,skins,,CM,,,,,,,,,,,,,,,,,,,,,,,,,1,,,,,,,,,,,,6,,,,,,,
II,Manis tricuspis,skins,,GN,,,,,,,,,,,,,,,,,,,,,,,,,,,,,,,,,,,,,250,,,,,,,
II,Manis tricuspis,skins,,LR,,,,,,,,,,,,,,,,,,,,,,,,,,,,,,,,,,,,,,,,,,1,,
II,Manis tricuspis,skins,,TH,,,,,,,,,,,,,,,,,,,,,,,,,,,,,,,,,,,,,50,,100,,,,,
II,Manis tricuspis,skulls,,GN,,,,,,,,,,,,,,,,,,,,,,,,,,1,,,,,,,,,,,,,,,,,,
II,Manis tricuspis,specimens,ml,CI,,,,,,,,,,,,,,,,,,,,,,,,,,,,,,,,,,,,,,,,,10,,,
II,Manis tricuspis,specimens,,BJ,,,,,,,,,,,,,,,,,,,,,,,,,6,,,,,,,,,,,,,,,,,,,
II,Manis tricuspis,specimens,,CD,,,,,,,,,,,,,,,,,,,,,,,,,,,,,,,,,,,,,,,1,,,,,
II,Manis tricuspis,specimens,,CF,,,,,,,,,,,,,,,,,,,,,,,,,,,,,,,,,,,,,,,,,6,,,
II,Manis tricuspis,specimens,,CI,,,,,,,,,,,,,,,,,,,,,,,,,,,,,,,,,,,,,,,,3,12,,,
II,Manis tricuspis,specimens,,CM,,,,,,,,,,,,,,,,,,,,,,,,,,,,,,,,,92,,,,,,,,,,,
II,Manis tricuspis,specimens,,FR,,,,,,,,,,,,,,,,,,,,,,,,,,,,,,,,,,,,,,,,,2,,,
II,Manis tricuspis,specimens,,GH,,,,,,,,,,,,,,,,,,,,,,,,,,,,,,,,,,,,,,,2,,,,,
II,Manis tricuspis,specimens,,LR,,,,,,,,,,,,,,,,,,,,,,,,,,,,,,,,,,,,,1,,,1,,,,
II,Manis tricuspis,specimens,,NG,,,,,,,,,,,,,,,,,,,,,,,,,,,,,,,,,,,,,,,,20,,8,,
II,Manis tricuspis,specimens,,TZ,,,,,,,,,,,,,,,,,,,,,,,,,,,,,,,,1,,,,,,,,,,,,
II,Manis tricuspis,specimens,,US,,,,,,,,,,,,,,,,,,,,,,,,,,,,,,,,,,,1,,,,,17,,,,
II,Manis tricuspis,trophies,,CM,,,,,,,,,,,,,,,,,,,,,,,,1,1,,,,,,,,1,2,,,,,,,,,,
II,Manis tricuspis,trophies,,FR,,,,,,,,,,,,,,,,,,,,,,,,,1,,,,,,,,,,,,,,,,,,,
II,Manis tricuspis,trophies,,LR,,,,,,,,,,,,,,,,,,,,,,,,,1,,,,,,,,,,,,,,1,,,,,
III,Manis gigantea,live,,TG,,,,,,,,,,4,,,,,,,,,,,,,,,,,,,,,,,,,,,,,,,,,,
III,Manis tetradactyla,bodies,,CG,,,,,,,,,,,,,,,,1,,,,,,,,,,,,,,,,,,,,,,,,,,,,
III,Manis tetradactyla,leather items,,CM,,,,,,,,,,,,1,,,,,,,,,,,,,,,,,,,,,,,,,,,,,,,,
III,Manis tetradactyla,live,,TG,,,,,,,,,,,,,,,,55,,,,,,,,,,,,,,,,,,,,,,,,,,,,
III,Manis tetradactyla,shoes,,MX,,,,,,,,,36,,,,,,,,,,,,,,,,,,,,,,,,,,,,,,,,,,,
III,Manis tricuspis,bodies,,CG,,,,,,,,,,,,,1,3,1,,,,,,,,,,,,,,,,,,,,,,,,,,,,,
III,Manis tricuspis,live,,LR,,,,,,,,,,,,,,2,,,,,,,,,,,,,,,,,,,,,,,,,,,,,,
III,Manis tricuspis,live,,NG,,,,,,,,,,,,,,,,1,,,,,,,,,,,,,,,,,,,,,,,,,,,,
III,Manis tricuspis,live,,TG,,,,,,,,,,,3,15,4,,,25,5,,,,,,,,,,,,,,,,,,,,,,,,,,,
III,Manis tricuspis,skins,,CM,,,,,,,,,,,,,,,,,,1,,,,,,,,,,,,,,,,,,,,,,,,,,
III,Manis tricuspis,trophies,,CF,,,,,,,,,,,1,,,,,,,,,,,,,,,,,,,,,,,,,,,,,,,,,
