id,judgement-year,seizure-year,seizure-month,seizure-day,taxons,via,form,term,quantity,unit,memo,final value,,,,
429,2016,2015,4,6,unknown sp, Angola,Parts,Scale,7.87,kg,,2,,,,
132,2015,2014,11,14,unknown sp,,Parts,Scale,0.01,kg,,1,,,,
,2017-2019,2015,4,,"Phataginus tricuspis
Manis pentadactyla",Africa,parts,scale,378.50,g,,1,,,via,final value
453,2014,2013,4,12,unknown sp,Cameroon,Parts,Scale,30.00,kg,,6,,,Africa,1
,2017-2019,2011,12,25,"Manis pentadactyla
Manis javanica",China,parts,scale,138.00,kg,,28,,,Mayanmar,1
,2017-2019,2016,3,1,,China,live,,35.00,No.,,35,,, Angola,2
,2017-2019,2017,3,28,,China,frozen,,2.00,No.,,2,,,Laos,2
84,2014,2014,2,13,M. pentadactyla,China,Live,,1.00,No.,,1,,,Ethiopia,4
,2017-2019,2018,7,17,Manis javanica,China,live,,1.00,No. ,,1,,,Philippines,4
,2017-2019,2017,2,22,"Manis pentadactyla
Manis javanica",China,parts,scale,"1,414.80",g,,1,,,Thailand,5
,2017-2019,2016,8,26,,China,parts,scale,"1,421.25",g,,1,,,Cameroon,6
,2017-2019,2016,6,29,,China,parts,scale,3.00,kg,,1,,,Equatorial Guinea,18
,2017-2019,2017,9,17,,China,parts,skin with scale,2.00,No.,,2,,,Pakistan,28
,2017-2019,2017,11,15,,China,live,,1.00,No.,,1,,,Myanmar,138
,2017-2019,2014,,,"Manis Javanica, Manis pentadactyla",China,live,,85.00,No. ,,85,,,Malaysia,154
,2017-2019,2014,,,"Manis Javanica, Manis pentadactyla",China,live,,40.00,No. ,,40,,,HongKong,299
,2017-2019,2014,,,"Manis Javanica, Manis pentadactyla",China,live,,103.00,No. ,,103,,,Vietnam,675
,2017-2019,2014,,,"Manis Javanica, Manis pentadactyla",China,frozen,,19.00,No. ,,19,,,Nigeria,715
,2017-2019,2014,,,Manis Javanica,China,live,,42.00,No. ,,42,,,China,1740
,2017-2019,2018,4,15,,China,parts,scale,501.00,g,,1,,,International waters near Malaysia,2674
,2017-2019,2017,11,26,,China,parts,scale,0.36,kg,,1,,,,13975
,2017-2019,2012,4,24,,China,live,,4.00,No.,,4,,,總和,20441
,2017-2019,2012,4,24,,China,frozen,,41.00,No.,,41,,,,
244,2014,2014,4,11,unknown sp,China,Parts,Scale,50.00,kg,,10,,,,
46,2014,2013,6,6,M. pentadactyla,China,Live,,4.00,No.,,4,,,,
46,2014,2013,6,6,M. pentadactyla,China,Dead,,22.00,No.,,22,,,,
62,2005,2005,9,3,unknown sp,China,Live,,6.00,No.,,6,,,,
74,2014,2013,10,24,unknown sp,China,Ind,,1.00,No.,,1,,,,
150,2014,2013,7,16,unknown sp,China,Ind,,21.00,No.,SUB,21,,,,
150,2014,2013,7,16,unknown sp,China,Ind,,12.00,No.,SUB,12,,,,
150,2014,2013,7,16,unknown sp,China,Dead,,32.00,No.,SUB,32,,,,
223,2014,2013,6,6,M. pentadactyla,China,Live,,4.00,No.,,4,,,,
223,2014,2013,6,6,M. pentadactyla,China,Dead,,22.00,No.,,22,,,,
339,2014,2013,7,16,unknown sp,China,Live,,33.00,No.,,33,,,,
339,2014,2013,7,16,unknown sp,China,Dead,,32.00,No.,,32,,,,
451,2013,2011,12,22,unknown sp,China,Live,,18.00,No.,,18,,,,
,2017-2019,2016,1,16,,China,live,,51.00,No.,,51,,,,
,2017-2019,2016,9,23,,China,live,,61.00,No.,,61,,,,
,2017-2019,2016,12,17,,China,live,,20.00,No.,,20,,,,
52,2014,2014,6,4,M. crassicaudata,China,Live,,21.00,No.,,21,,,,
300,2014,2013,7,15,unknown sp,China,Live,,1.00,No.,,1,,,,
315,2014,2014,1,24,unknown sp,China,Ind,,37.00,No.,,37,,,,
316,2014,2014,6,4,M. crassicaudata,China,Live,,21.00,No.,,21,,,,
270,2014,2013,1,23,unknown sp,China,Ind,,19.00,No.,,19,,,,
73,2012,2012,6,6,M. pentadactyla,China,Live,,5.00,No.,,5,,,,
334,2016,2015,9,6,unknown sp,China,Live,,3.20,kg,,1,,,,
334,2016,2015,9,6,unknown sp,China,Live,,2.00,no.,,2,,,,
386,2014,2014,5,7,unknown sp,China,Dead,,4.00,No.,,4,,,,
,2017-2019,2018,10,18,,China,parts,scale,3.40,kg,,1,,,,
,2017-2019,2017,3,23,,China,live,,24.00,No.,,24,,,,
288,2014,2013,12,18,M. pentadactyla,China,Live,,24.00,No.,,24,,,,
303,2014,2013,1,15,unknown sp,China,Dead,,3.00,No.,,3,,,,
364,2010,2009,10,19,unknown sp,China,ind,,317.00,No.,,317,,,,
,2017-2019,2012,,,,China,live,,6.00,No. ,,6,,,,
,2017-2019,2017,2,17,,China,live,,3.00,No.,,3,,,,
234,2014,2013,12,24,unknown sp,China,Parts,"

Scale",21.25,kg,,5,,,,
44,2014,2013,4,2,unknown sp,China,Dead,,1.00,No.,,1,,,,
81,2014,2013,4,1,unknown sp,China,Live,,3.00,No.,,3,,,,
234,2014,2013,12,24,unknown sp,China,Live,,12.00,No.,,12,,,,
234,2014,2013,12,24,unknown sp,China,Dead,,4.00,No.,,4,,,,
248,2014,2012,7,24,unknown sp,China,Live,,10.00,No.,,10,,,,
333,2014,2014,4,20,unknown sp,China,Live,,2.00,No.,,2,,,,
,2017-2019,2016,7,26,,China,parts,scale,73.00,kg,,15,,,,
,2017-2019,2016,7,18,Manispentadactyla,China,live,,7.00,No.,,7,,,,
,2017-2019,2016,7,18,Manispentadactyla,China,parts,,243.00,pieces,,,,,,
264,2014,2014,4,24,unknown sp,China,Ind,,1.00,No.,,1,,,,
,2017-2019,2016,2,18,,China,live,,3.00,No.,,3,,,,
,2017-2019,2018,1,9,,China,parts,scale,3.98,kg,,1,,,,
,2017-2019,2017,12,12,Manis pentadactyla,China,frozen,,6.00,No.,,6,,,,
,2017-2019,2014,,,"Manis Javanica, Manis pentadactyla",China,live,,163.00,No. ,,163,,,,
,2017-2019,2017,12,7,,China,parts,scale,52.00,g,,1,,,,
,2017-2019,2017,10,19,,China,parts,scale,496.00,g,,1,,,,
,2017-2019,2018,4,10,,China,parts,scale,10.00,pieces,,,,,,
362,2014,2014,5,5,unknown sp,China,Live,,1.00,No.,,1,,,,
362,2014,2014,5,5,unknown sp,China,Dead,,1.00,No.,,1,,,,
349,2014,2013,7,16,unknown sp,China,Ind,,21.00,No.,SUB,21,,,,
,2017-2019,2017,5,10,,China,live,,1.00,No.,,1,,,,
,2017-2019,2018,1,29,,China,live,,1.00,No.,,1,,,,
,2017-2019,2018,1,29,,China,dead,,1.00,No.,,1,,,,
202,2014,2013,7,31,unknown sp,China,Live,,49.00,No.,,49,,,,
,2017-2019,2018,10,19,,China,parts,scale,379.00,g,,1,,,,
,2017-2019,2018,1,4,,China,parts,scale,104.00,g,,1,,,,
,2017-2019,2017,8,15,,China,parts,scale,"3,562.00",g,,1,,,,
,2017-2019,2016,7,3,Manispentadactyla,China,parts,scale,984.24,g,,1,,,,
,2017-2019,2018,1,4,,China,parts,scale,0.12,kg,,1,,,,
,2017-2019,2018,1,4,,China,parts,scale,0.14,kg,,1,,,,
,2017-2019,2017,11,21,,China,parts,scale,0.26,kg,,1,,,,
,2017-2019,2017,5,14,Manis javanica,China,parts,scale,0.95,kg,,1,,,,
,2017-2019,2016,7,3,Manispentadactyla,China,"live
",,12.00,No.,,12,,,,
,2017-2019,2016,7,3,Manispentadactyla,China,dead,,9.00,No.,,9,,,,
306,2014,2013,9,29,unknown sp,China,Parts,Scale,190.00,kg,,38,,,,
,2017-2019,2017,3,19,,China,parts,meat,6.80,kg,,2,,,,
,2017-2019,2018,5,16,,China,dead,,"2,022.00",g,,1,,,,
309,2014,2014,9,4,unknown sp,China,Dead,,7.00,No.,,7,,,,
60,2014,2014,1,13,M. javanica,China,Live,,42.00,No.,,42,,,,
90,2014,2013,5,15,"M. pentadactyla, M. javanica",China,Ind,,1.00,No.,,1,,,,
90,2014,2013,5,15,"M. pentadactyla, M. javanica",China,Ind,,3.00,No.,,3,,,,
175,2014,2014,5,22,M. javanica,China,Ind,,2.00,No.,,2,,,,
263,2014,2013,6,8,"M. pentadactyla, M. javanica",China,Live,,2.00,No.,,2,,,,
287,2014,2014,1,13,M. javanica,China,Live,,42.00,No.,,42,,,,
318,2014,2014,8,2,M. javanica,China,Ind,,5.00,No.,,5,,,,
366,2014,2013,3,4,unknown sp,China,Live,,2.00,No.,,2,,,,
444,2008,2008,7,7,unknown sp,China,Live,,1.00,No.,,1,,,,
444,2008,2008,7,7,unknown sp,China,Dead,,6.00,No.,,6,,,,
407,2013,2013,5,7,unknown sp,Equatorial Guinea,Parts,Scale,8.20,kg,,2,,,,
430,2015,2014,4,20,unknown sp,Equatorial Guinea,Parts,Scale,,,SUB,,,,,
420,2016,2015,6,19,M. gigantean,Equatorial Guinea,Parts,Scale,53.74,kg,,11,,,,
427,2016,2015,6,30,M. gigantean,Equatorial Guinea,Parts,Scale,22.96,kg,,5,,,,
439,2016,2016,2,6,unknown sp,Ethiopia,Parts,Scale,11.60,kg,,3,,,,
,2017-2019,2018,1,9,,Ethiopia,parts,scale,0.24,kg,,1,,,,
,2017-2019,2016,4,11,,HongKong,parts,scale,"1,495.00",kg,,299,,,,
,2017-2019,2015,9,14,,International waters near Malaysia,frozen,,"2,674.00",No.,,2674,,,,
,2017-2019,2018,5,6,,Laos,parts,scale,48.61,g,,1,,,,
,2017-2019,2016,11,12,,Laos,dead,,1.00,No.,,1,,,,
,2017-2019,2016,11,12,,Laos,parts,scale,4.00,pieces,,,,,,
447,2009,2004,2,5,unknown sp,Malaysia,Parts,Scale,766.00,kg,,154,,,,
,2017-2019,2018,7,24,,Mayanmar,parts,scale,497.30,g,,1,,,,
,2017-2019,2017,1,5,,Myanmar,parts,scale,1.15,kg,,1,,,,
,2017-2019,2016,10,9,Manis javanica,Myanmar,parts,scale,10.00,kg,,2,,,,
428,2016,2015,5,26,M. pentadactyla,Myanmar,Parts,Scale,1.94,kg,,1,,,,
441,2015,2014,11,17,unknown sp,Myanmar,Parts,Scale,0.17,kg,,1,,,,
441,2015,2014,11,17,unknown sp,Myanmar,"Live ;
Parts"," ;
Scale",1.00,No.,,1,,,,
445,2015,2014,12,10,unknown sp,Myanmar,Live,,1.00,No.,,1,,,,
,2017-2019,2016,7,15,,Myanmar,"live
parts","
scale",2.00,No.,,2,,,,
,2017-2019,2017,1,4,,Myanmar,parts,scale,"1,500.00",g,,1,,,,
438,2016,2015,8,7,"M. pentadactyla, M. javanica",Myanmar,Parts,Scale,1.00,kg,,1,,,,
,2017-2019,2018,3,19,"Manis pentadactyla；
Manis javanica",Myanmar,parts,scale,19.96,kg,,4,,,,
31,2015,2015,1,3,M. pentadactyla,Myanmar,Parts,Scale,84.00,No.,,84,,,,
35,2014,2013,3,6,unknown sp,Myanmar,Live,,1.00,No.,,1,,,,
152,2014,2013,11,26,unknown sp,Myanmar,Ind,,6.00,No.,,6,,,,
187,2014,2013,11,26,unknown sp,Myanmar,Live,,6.00,No.,,6,,,,
381,2014,2013,5,13,unknown sp,Myanmar,Live,,2.00,No.,,2,,,,
436,2016,2015,12,22,unknown sp,Myanmar,Live,,3.00,No.,,3,,,,
443,2016,2016,3,5,unknown sp,Myanmar,Live,,1.00,No.,,1,,,,
450,2016,2016,1,15,unknown sp,Myanmar,Live,,1.00,No.,,1,,,,
,2017-2019,2018,7,4,,Myanmar,parts,skin with scale,9.00,No.,,9,,,,
,2017-2019,2018,4,16,,Myanmar,live,,1.00,No.,,1,,,,
,2017-2019,2018,7,4,,Myanmar,parts,scale,269.00,pieces,,,,,,
,2017-2019,2016,10,25,,Myanmar,parts,scale,"7,924.00",g,,2,,,,
,2017-2019,2016,12,5,Manis pentadactyla,Myanmar,parts,scale,"5,886.00",g,,2,,,,
,2017-2019,2016,10,2,,Myanmar,parts,scale,"6,302.00",g,,2,,,,
,2017-2019,2016,7,26,Manentadactyla,Myanmar,live,,2.00,No.,,2,,,,
448,2015,2014,11,5,"M. pentadactyla, M. javanica",Myanmar,Parts,Scale,4.50,kg,,1,,,,
414,2015,2015,4,7,M. tertradactyla,Nigeria,Parts,Scale,24.80,kg,SUB,5,,,,
452,2016,2015,11,5,unknown sp,Nigeria,Parts,Scale,2.03,kg,,1,,,,
409,2014,2013,8,24,unknown sp,Nigeria,Parts,Scale,3.60,kg,,1,,,,
425,2015,2015,3,27,M. gigantean ; M. tertradactyla,Nigeria,Parts,Scale,249.40,kg,,50,,,,
440,2016,2014,2,,unknown sp,Nigeria,Parts,Scale,57.88,kg,,12,,,,
,2017-2019,2016,12,9,,Nigeria,parts,scale,"3,110.05",kg,,623,,,,
,2017-2019,2017,8,31,Manistricuspis,Nigeria,parts,scale,110.50,kg,,23,,,,
426,2014,2013,7,21,unknown sp,Pakistan,Parts,Scale,139.84,kg,,28,,,,
435,2014,2013,12,26,unknown sp,Philippines,Parts,Scae,18.58,kg,,4,,,,
418,2007,2001,7,25,unknown sp,Thailand,Dead,,5.00,No.,,5,,,,
92,2013,2013,6,7,unknown sp,Vietnam,Dead,,2.00,No.,,2,,,,
,2017-2019,2018,3,18,,Vietnam,parts,scale,"3,520.00",g,,1,,,,
413,2015,2014,4,11,unknown sp,Vietnam,Live,,24.00,No.,SUB,24,,,,
413,2015,,,,unknown sp,Vietnam,Live,,597.00,No.,SUB,597,,,,
415,2015,2015,4,7,"M. pentadactyla, M.javanica",Vietnam,Live,,26.00,No.,,26,,,,
,2017-2019,2014,4,11,,Vietnam,live,,24.00,No.,,24,,,,
,2017-2019,2018,7,25,,Vietnam,frozen,,1.00,No. ,,1,,,,
,2017-2019,2017,10,30,"Manis pentadactyla
Manis javanica",,parts,scale,"2,936.80",g,,1,,,,
,2017-2019,2017,12,18,,,parts,scale,722.00,g,,1,,,,
,2017-2019,2017,9,19,,,parts,scale,"4,979.15",g,,1,,,,
,2017-2019,2018,3,11,,,parts,scale,199.00,g,,1,,,,
,2017-2019,2017,2,11,,,parts,scale,"1,270.00",g,,1,,,,
,2017-2019,2017,11,10,Manis javanica,,parts,scale,406.40,g,,1,,,,
,2017-2019,2017,5,26,,,parts,scale,183.00,g,,1,,,,
,2017-2019,2017,2,24,,,parts,scale,528.04,g,,1,,,,
,2017-2019,2016,5,4,Manispentadactyla,,parts,scale,43.51,g,,1,,,,
,2017-2019,2016,7,14,Manispentadactyla,,parts,meat,537.00,g,,1,,,,
,2017-2019,2016,5,16,,,parts,scale,120.00,g,,1,,,,
,2017-2019,2017,4,17,,,parts,scale,"13,105.50",g,,3,,,,
19,2015,2014,5,11,unknown sp,,Dead,,"4,150.00",kg,,830,,,,
,2017-2019,2016,4,11,,,parts,meat,1.50,kg,,1,,,,
21,2015,2014,6,29,M. pentadactyla,,Parts,Nails,7.87,kg,,2,,,,
38,2016,2014,8,21,M. javanica,,Parts,,66.10,kg,,14,,,,
42,2014,2014,6,21,unknown sp,,Parts,Scale,1.71,kg,,1,,,,
49,2015,2015,7,19,"M. pentadactyla, M.javanica",,Parts,Scale,0.38,kg,,1,,,,
68,2016,2016,7,26,unknown sp,,Parts,Scale,66.75,kg,,14,,,,
87,2015,2015,4,20,unknown sp,,parts,scale,10.00,kg,,2,,,,
137,2015,2015,2,9,unknown sp,,Parts,Scale,580.45,kg,,117,,,,
161,2015,2014,12,4,unknown sp,,Dead,,9.00,kg,SUB,2,,,,
171,2016,2015,4,30,unknown sp,,Parts,(unknown meat part),14.29,kg,,3,,,,
172,2016,2016,6,29,unknown sp,,Parts,Scale,3.00,kg,,1,,,,
179,2016,2015,9,5,"M. pentadactyla, M. javanica",,Parts,Scale,9.22,kg,,2,,,,
180,2016,2015,3,9,unknown sp,,Parts,Scales,16.00,kg,,4,,,,
183,2013,2013,5,20,unknown sp,,ind,,1.50,kg,,1,,,,
185,2016,2015,1,16,unknown sp,,Parts,Scale ,220.10,kg,,45,,,,
185,2016,2015,1,16,unknown sp,,Parts,Scale ,"1,782.30",kg,,357,,,,
186,2013,2012,11,28,unknown sp,,Dead,,3.75,kg,,1,,,,
194,2016,2016,3,7,unknown sp,,Parts,Scale,2.30,kg,,1,,,,
230,2016,2016,5,4,unknown sp,,Parts,Scale,2.90,kg,,1,,,,
238,2015,2015,2,9,unknown sp,,Parts,Scale,580.45,kg,,117,,,,
239,2013,2013,4,10,unknown sp,,Parts,,,kg,,0,,,,
239,2013,2013,4,10,unknown sp,,Parts,Scale,2.00,kg,,1,,,,
265,2014,2013,4,10,unknown sp,,Parts,Meat,4.25,kg,,1,,,,
265,2014,2013,4,10,unknown sp,,Parts,Scale,1.45,kg,,1,,,,
385,2016,2015,6,14,"M. pentadactyla, M.javanica",,Parts,Scale,0.60,kg,,1,,,,
408,2016,2015,2,6,M. gigantean,,Parts,Scale,30.98,kg,,7,,,,
410,2015,2014,3,1,unknown sp,,Parts,Scale,110.00,kg,,22,,,,
412,2016,2016,4,11,unknown sp,,Parts,Scale,"1,495.00",kg,,299,,,,
414,2015,2015,4,8,M. tertradactyla,,Parts,Scale,8.58,kg,SUB,2,,,,
416,2013,2013,1,31,unknown sp,,Ind,,1.00,kg,,1,,,,
416,2013,2013,1,31,unknown sp,,Ind,,5.65,kg,,2,,,,
417,2013,2014,4,1,unknown sp,,Parts,Scale,139.57,kg,,28,,,,
423,2014,2013,10,23,unknown sp,,Dead,        ,"2,041.00",kg,,409,,,,
423,2014,2013,10,23,unknown sp,,Parts,Scale,"1,537.00",kg,,308,,,,
424,2015,2014,11,22,unknown sp,,Parts,Scale,42.19,kg,SUB,9,,,,
437,2014,2008,8,4,unknown sp,,Parts,(Unknown processed part),5.00,kg,SUB,1,,,,
449,2013,2012,10,31,unknown sp,,Parts,Scale,4.00,kg,,1,,,,
,2017-2019,2019,3,19,,,parts,scale,0.17,kg,,1,,,,
,2017-2019,2014,,,,,parts,products,405.55,kg,,82,,,,
,2017-2019,2018,4,22,,,parts,scale,0.98,kg,,1,,,,
,2017-2019,2016,7,25,,,parts,scale,0.14,kg,,1,,,,
,2017-2019,2017,4,16,,,parts,skin with scale,0.45,kg,,1,,,,
,2017-2019,2014,6,9,,,parts,scale,0.96,kg,,1,,,,
,2017-2019,2016,10,24,Manispentadactyla,,parts,scale,0.99,kg,,1,,,,
,2017-2019,2015,10,4,"Manis pentadactyla
Manis javanica",,parts,scale,49.85,kg,,10,,,,
,2017-2019,2015,9,26,,,parts,scale,1.46,kg,,1,,,,
,2017-2019,2015,9,26,,,parts,scale,0.76,kg,,1,,,,
,2017-2019,2015,9,26,,,parts,scale,1.83,kg,,1,,,,
,2017-2019,2015,9,26,,,parts,scale,1.45,kg,,1,,,,
,2017-2019,2015,6,,,,parts,scale,4.76,kg,,1,,,,
,2017-2019,2018,2,24,,,parts,scale,31.70,kg,,7,,,,
291,2016,2016,5,4,unknown sp,,Dead,,10.95,"kg ;
kg",,3,,,,
291,2016,2016,5,4,unknown sp,,Parts,,0.76,"kg ;
kg",,1,,,,
19,2015,2014,5,11,unknown sp,,Dead,,960.00,No,,960,,,,
2,2013,2013,3,10,unknown sp,,Live,,3.00,No.,,3,,,,
3,2013,2012,8,22,unknown sp,,Live,,6.00,No.,,6,,,,
5,2013,2013,4,2,unknown sp,,Dead,,45.00,No.,,45,,,,
12,2012,2011,9,6,M. javanica,,ind,,3.00,No.,,3,,,,
15,2015,2015,6,8,M. javanica,,Ind,,4.00,No.,,4,,,,
17,2015,2015,5,6,unknown sp,,Live,,1.00,No.,,1,,,,
18,2014,2013,7,16,unknown sp,,Dead,,5.00,No.,SUB,5,,,,
20,2016,2015,1,26,unknown sp,,Live,,5.00,No.,,5,,,,
20,2016,2015,5,13,unknown sp,,Dead,,11.00,No.,,11,,,,
24,2015,2015,9,1,unknown sp,,Live,,1.00,No.,,1,,,,
25,2016,2015,,,unknown sp,,Live,,4.00,No.,,4,,,,
27,2013,2012,4,25,unknown sp,,Live,,4.00,No.,,4,,,,
27,2013,2012,4,25,unknown sp,,Dead,,41.00,No.,,41,,,,
30,2011,2010,12,6,unknown sp,,Dead,,1.00,No.,,1,,,,
33,2012,2011,8,23,unknown sp,,Live,,2.00,No.,,2,,,,
38,2016,2014,8,21,M. javanica,,Dead,,37.00,No.,,37,,,,
39,2006,2005,10,31,unknown sp,,Dead,,1.00,No.,,1,,,,
43,2015,2014,10,27,unknown sp,,Parts,Meat (Unknown part),1.00,No.,"In the verdict there is a piece of meat being assumed as pangolin, but it is unidentifiable",1,,,,
45,2015,2014,7,25,unknown sp,,Live,,1.00,No.,,1,,,,
47,2016,2015,11,28,M. pentadactyla,,Parts,Scale,36.00,No.,,36,,,,
48,2015,2014,5,6,unknown sp,,Dead,,1.00,No.,,1,,,,
53,2011,2009,6,4,unknown sp,,Dead,,11.00,No.,,11,,,,
58,2015,2014,12,19,unknown sp,,Live,,7.00,No.,,7,,,,
58,2015,2014,12,19,unknown sp,,Parts,Unknown processed part,2.00,No.,,2,,,,
61,2016,2015,,,unknown sp,,Parts,Scale,4.00,No.,,4,,,,
63,2014,2013,9,11,unknown sp,,Ind,,10.00,No.,,10,,,,
65,2016,2015,10,28,unknown sp,,Live,,1.00,No.,,1,,,,
70,2013,2012,11,15,unknown sp,,ind,,1.00,No.,,1,,,,
72,2016,2014,,,unknown sp,,Dead,,1.00,No.,,1,,,,
77,2015,2014,12,27,M. javanica,,live,,5.00,No.,,5,,,,
94,2013,2011,12,5,unknown sp,,Dead,,4.00,No.,,4,,,,
95,2013,2012,9,17,unknown sp,,Live,,6.00,No.,,6,,,,
104,2016,2016,4,28,unknown sp,,Live,,2.00,No.,,2,,,,
110,2010,2010,5,17,unknown sp,,Parts,Meat (unknown part),1.00,No.,,1,,,,
111,2013,2012,12,4,M. pentadactyla,,Dead,,3.00,No.,,3,,,,
118,2016,2016,3,31,unknown sp,,Dead,,1.00,No.,,1,,,,
126,2015,2014,8,21,M. javanica,,Dead,,37.00,No.,SUB,37,,,,
138,2014,2013,12,17,unknown sp,,Live,,1.00,No.,,1,,,,
139,2015,2014,8,30,M. javanica,,Ind,,2.00,No.,,2,,,,
140,2016,2016,,,unknown sp,,Live,,1.00,No.,,1,,,,
151,2011,2006,3,,unknown sp,,Dead,,139.00,No.,,139,,,,
156,2016,2014,6,5,unknown sp,,Live,,14.00,No.,,14,,,,
156,2016,2014,6,5,unknown sp,,Dead,,1.00,No.,,1,,,,
158,2012,2012,6,11,unknown sp,,Live,,15.00,No.,,15,,,,
159,2014,2013,1,15,unknown sp,,Live,,3.00,No.,,3,,,,
161,2015,2014,9,9,unknown sp,,Live,,1.00,No.,,1,,,,
164,2015,2015,1,22,M. javanica,,Live,,14.00,No.,,14,,,,
174,2013,2012,4,,unknown sp,,Live,,3.00,No.,,3,,,,
176,2016,2016,7,25,unknown sp,,Live,,2.00,No.,,2,,,,
180,2016,2015,3,9,unknown sp,,Live,,1.00,No.,,1,,,,
181,2015,2015,6,15,unknown sp,,Live,,1.00,No.,,1,,,,
190,2014,2013,11,26,unknown sp,,Ind,,6.00,No.,,6,,,,
205,2016,2015,10,22,M. pentadactyla,,Live,,1.00,No.,,1,,,,
206,2016,2016,8,2,M. pentadactyla,,Live,,2.00,No.,,2,,,,
209,2015,2009,2,17,"M. pentadactyla,M. javanica",,ind,,104.00,No.,SUB,104,,,,
209,2015,2009,2,17,"M. pentadactyla,M. javanica",,ind ,,59.00,No.,SUB,59,,,,
209,2015,2009,5,21,"M. pentadactyla,M. javanica",,ind ,,14.00,No.,SUB,14,,,,
209,2015,2009,5,21,"M. pentadactyla,M. javanica",,ind ,,71.00,No.,SUB,71,,,,
209,2015,2009,11,12,"M. pentadactyla,M. javanica",,ind ,,2.00,No.,SUB,2,,,,
209,2015,2009,11,12,"M. pentadactyla,M. javanica",,ind ,,38.00,No.,SUB,38,,,,
209,2015,2011,1,11,"M. pentadactyla,M. javanica ,M. pentadactyla,M. javanica",,live,,7.00,No.,SUB,7,,,,
209,2015,2011,1,11,"M. pentadactyla,M. javanica ,M. pentadactyla,M. javanica",,live,,96.00,No.,SUB,96,,,,
209,2015,2011,1,11,"M. pentadactyla,M. javanica ,M. pentadactyla,M. javanica",,dead,,6.00,No.,SUB,6,,,,
209,2015,2011,1,11,"M. pentadactyla,M. javanica ,M. pentadactyla,M. javanica",,dead,,13.00,No.,SUB,13,,,,
209,2015,2014,1,13,unknown sp,,ind,,42.00,No.,SUB,42,,,,
210,2013,2013,1,31,unknown sp,,Dead,,2.00,No.,,2,,,,
214,2016,2015,7,17,unknown sp,,Dead,,6.00,No.,,6,,,,
214,2016,2015,7,17,unknown sp,,Live,,3.00,No.,,3,,,,
216,2016,2016,4,22,M. pentadactyla,,Live,,2.00,No.,,2,,,,
222,2014,2012,11,4,unknown sp,,Dead,,1.00,No.,,1,,,,
239,2013,2013,4,10,unknown sp,,Dead,,,No.,,,,,,
240,2016,2016,1,1,unknown sp,,Dead,,9.00,No.,,9,,,,
240,2016,2016,1,1,unknown sp,,Parts,Unknown,8.00,No.,,8,,,,
241,2015,2014,12,27,M. javanica,,Live,,5.00,No.,,5,,,,
242,2015,2014,4,26,M. javanica,,ind,,2.00,No.,,2,,,,
250,2016,2016,3,23,M. javanica,,Live,,3.00,No.,,3,,,,
252,2016,2016,1,18,unknown sp,,Dead,,9.50,No.,,10,,,,
265,2014,2013,4,10,unknown sp,,Dead,,21.00,No.,,21,,,,
267,2016,2015,5,21,unknown sp,,Parts,Scale,5.00,No.,,5,,,,
268,2015,2014,6,5,,,Live,,3.00,No.,,3,,,,
268,2015,2014,6,5,,,Dead,,11.00,No.,,11,,,,
271,2015,2014,10,10,M. pentadactyla,,Live,,3.00,No.,,3,,,,
272,2009,2009,3,20,unknown sp,,Live,,2.00,No.,,2,,,,
275,2015,2009,9,24,unknown sp,,Live,,21.00,No.,,21,,,,
283,2015,2014,9,23,unknown sp,,Live,,1.00,No.,,1,,,,
284,2013,2012,11,28,M. pentadactyla,,Dead,,2.00,No.,,2,,,,
290,2013,2012,9,13,,,Dead,,121.00,No.,,121,,,,
290,2013,2012,9,13,,,Alive,,1.00,No.,,1,,,,
292,2007,2006,10,17,unknown sp,,Dead,,1.00,No.,,1,,,,
295,2015,2014,9,11,unknown sp,,Dead,,30.00,No.,,30,,,,
311,2013,2012,11,28,M. pentadactyla,,Dead,,3.00,No.,,3,,,,
312,2012,2012,1,10,M. pentadactyla,,Live,,1.00,No.,,1,,,,
313,2013,2012,5,17,,,Dead,,1.00,No.,,1,,,,
313,2013,2012,5,17,,,Live,,1.00,No.,,1,,,,
319,2015,2008,1,10,unknown sp,,Ind,,3.00,No.,SUB,3,,,,
319,2015,2009,8,13,unknown sp,,Ind,,2.00,No.,SUB,2,,,,
320,2010,2010,7,22,,,Dead,,2.00,No.,,2,,,,
329,2015,2013,9,21,unknown sp,,Ind,,28.00,No.,SUB,28,,,,
329,2015,2013,9,21,unknown sp,,Parts,,24.00,No.,SUB,24,,,,
329,2015,2013,9,21,unknown sp,,Parts,Fetus,55.00,No.,SUB,55,,,,
330,2006,2005,8,31,,,Live,,18.00,No.,,18,,,,
336,2014,2013,9,2,unknown sp,,Live,,17.00,No.,,17,,,,
349,2014,2013,7,16,unknown sp,,Ind,,30.00,No.,SUB,30,,,,
349,2014,2013,7,16,unknown sp,,Dead,,100.00,No.,SUB,100,,,,
350,2015,2014,5,12,unknown sp,,Dead,,960.00,No.,,960,,,,
355,2016,2016,4,1,unknown sp,,ind,,7.00,No.,,7,,,,
357,2016,2014,12,24,unknown sp,,Dead,,17.00,No.,SUB,17,,,,
360,2014,2013,7,16,unknown sp,,Dead,,16.00,No.,SUB,16,,,,
369,2015,2015,3,17,unknown sp,,Dead,,1.00,No.,,1,,,,
371,2016,2015,4,,unknown sp,,Parts,Tail,1.00,No.,SUB,1,,,,
371,2016,2015,4,,unknown sp,,Dead,,137.00,No.,SUB,137,,,,
371,2016,2015,4,9,unknown sp,,Live,,3.00,No.,SUB,3,,,,
371,2016,2015,4,10,unknown sp,,Dead,,6.00,No.,SUB,6,,,,
371,2016,2015,4,9,unknown sp,,Dead,,182.00,No.,SUB,182,,,,
371,2016,2015,4,8,unknown sp,,Dead,,18.00,No.,SUB,18,,,,
371,2016,2015,4,8,unknown sp,,Parts,Scale,8.00,No.,SUB,8,,,,
372,2016,2015,9,11,M. javanica,,Live,,2.00,No.,,2,,,,
373,2015,2014,10,31,unknown sp,,Dead,,5.00,No.,,5,,,,
379,2016,2015,9,19,unknown sp,,Live,,32.00,No.,,32,,,,
380,2015,2013,7,16,unknown sp,,Dead,,16.00,No.,SUB,16,,,,
382,2016,2016,6,30,unknown sp,,Dead,(without head and organs),1.00,No.,,1,,,,
411,2009,2008,7,7,unknown sp,,Live,,1.00,No.,,1,,,,
411,2009,2008,7,7,unknown sp,,Dead,,6.00,No.,,6,,,,
413,2015,,,,unknown sp,,Live,,"1,279.00",No.,SUB,1279,,,,
413,2015,,,,unknown sp,,Ind,,"2,295.00",No.,SUB,2295,,,,
422,2013,2013,1,21,unknown sp,,Live,,2.00,No.,,2,,,,
431,2014,2013,4,7,unknown sp,,Dead,,1.00,No.,,1,,,,
437,2014,2008,8,4,unknown sp,,Live ,,1.00,No.,SUB,1,,,,
437,2014,2013,4,7,unknown sp,,Live,,1.00,No.,SUB,1,,,,
442,2016,2015,9,14,unknown sp,,Dead,,"2,674.00",No.,,2674,,,,
446,2015,2013,12,15,unknown sp,,Dead,,10.00,No.,,10,,,,
,2017-2019,2018,11,29,,,frozen,,1.00,No.,,1,,,,
,2017-2019,2013,11,5,,,frozen,,22.00,No.,,22,,,,
,2017-2019,2014,8,21,Manis Javanica,,frozen,,37.00,No.,,37,,,,
,2017-2019,2018,,,,,frozen,,1.00,No.,,1,,,,
,2017-2019,2018,1,15,,,live,,1.00,No.,,1,,,,
,2017-2019,2018,9,5,,,dead,,1.00,No.,,1,,,,
,2017-2019,2017,10,5,,,live,,1.00,No.,,1,,,,
,2017-2019,2018,,,,,？,,1.00,No.,,1,,,,
,2017-2019,2017,12,6,,,dead,,5.00,No.,,5,,,,
,2017-2019,2018,2,15,,,live,,11.00,No.,,11,,,,
,2017-2019,2018,2,15,,,dead,,1.00,No.,,1,,,,
,2017-2019,2017,5,1,,,parts,claw,10.00,No.,,10,,,,
,2017-2019,2017,9,19,,,live,,1.00,No.,,1,,,,
,2017-2019,2018,1,22,,,live,,2.00,No.,,2,,,,
,2017-2019,2016,12,19,Manis pentadactyla,,parts,claw,1.00,No.,,1,,,,
,2017-2019,2017,11,22,Manis javanica,,live,,1.00,No.,,1,,,,
,2017-2019,2016,9,30,,,frozen,,1.00,No.,,1,,,,
,2017-2019,2018,1,29,,,live,,2.00,No.,,2,,,,
,2017-2019,2018,1,2,,,frozen,,3.00,No.,,3,,,,
,2017-2019,2017,8,9,Manis javanica,,frozen,,63.00,No.,,63,,,,
,2017-2019,2017,8,17,Manis javanica,,live,,32.00,No.,,32,,,,
,2017-2019,2017,8,17,Manis javanica,,dead,,2.00,No.,,2,,,,
,2017-2019,2013,12,24,,,live,scale,12.00,No.,,12,,,,
,2017-2019,2013,12,24,,,dead,scale,4.00,No.,,4,,,,
,2017-2019,2017,3,2,,,live,,1.00,No.,,1,,,,
,2017-2019,2017,3,7,,,dead,,1.00,No.,,1,,,,
,2017-2019,2016,8,1,,,Live,"
frozen",4.00,No.,,4,,,,
,2017-2019,2016,8,1,,,Parts,"
frozen",2.00,No.,,2,,,,
,2017-2019,2016,10,22,Manis javanica,,live,,12.00,No.,,12,,,,
,2017-2019,2015,3,11,,,frozen,,1.00,No.,,1,,,,
,2017-2019,2015,3,11,,,live,,1.00,No.,,1,,,,
,2017-2019,2017,2,10,Manis javanica,,live,,1.00,No.,,1,,,,
,2017-2019,2017,2,10,Manis javanica,,dead,,1.00,No.,,1,,,,
,2017-2019,2016,7,4,,,parts,claw,2.00,No.,,2,,,,
,2017-2019,2016,2,29,Manispentadactyla,,live,,1.00,No.,,1,,,,
,2017-2019,2015,,,,,frozen,"
",6.00,No.,,6,,,,
,2017-2019,2015,,,,,frozen,,9.00,No.,,9,,,,
,2017-2019,2016,5,23,,,live,,32.00,No.,,32,,,,
,2017-2019,2016,1,9,"Manis javanica
",,frozen,"
",12.00,No.,,12,,,,
,2017-2019,2016,1,10,"Manis javanica
",,"frozen
",,85.00,No.,,85,,,,
,2017-2019,2015,4,7,,,frozen,,137.00,No.,,137,,,,
,2017-2019,2015,4,10,,,frozen,,6.00,No.,,6,,,,
,2017-2019,2015,4,9,,,frozen,,182.00,No.,,182,,,,
,2017-2019,2015,4,8,,,frozen,,10.00,No.,,10,,,,
,2017-2019,2015,5,,,,frozen,,4.00,No.,,4,,,,
,2017-2019,2016,8,3,,,live,,4.00,No.,,4,,,,
348,2016,2015,10,14,unknown sp,,"Live
Dead",,1.00,"No.
",,1,,,,
,2017-2019,2014,,,,,live,,331.00,No. ,,331,,,,
,2017-2019,2014,,,,,frozen,,3.00,No. ,,3,,,,
,2017-2019,2015,1,5,,,frozen,,1.00,No. ,,1,,,,
,2017-2019,2015,3,9,,,Live,,1.00,No. ,,1,,,,
,2017-2019,2016,9,1,,,parts,skin,1.00,No. ,,1,,,,
,2017-2019,2016,12,18,,,parts,scale,1.00,pieces,,,,,,
,2017-2019,2018,1,22,,,parts,scale,10.00,pieces,,,,,,
,2017-2019,2017,,,,,parts,scale,757.00,pieces,,,,,,
,2017-2019,2017,3,2,,,parts,scale,491.00,pieces,,,,,,
,2017-2019,2018,4,2,,,parts,scale,4.00,pieces,,,,,,
,2017-2019,2016,12,21,,,parts,scale,1.00,pieces,,,,,,
,2017-2019,2017,5,17,,,parts,scale,4.00,pieces,,,,,,
,2017-2019,2017,4,11,,,parts,scale,5.00,pieces,,,,,,
,2017-2019,2017,1,4,Manispentadactyla,,parts,scale,767.00,pieces,,,,,,
,2017-2019,2016,3,5,,,parts,scale,10.00,pieces,,,,,,
,2017-2019,2017,2,19,,,parts,scale,53.00,pieces,,,,,,
,2017-2019,2015,4,8,,,parts,meat,8.00,pieces,,,,,,
,2017-2019,2015,4,8,,,parts,meat,8.00,pieces,,,,,,
,2017-2019,2015,4,16,,,parts,meat,1.00,pieces,,,,,,
163,2016,,,,,,,,,,,,,,,
292,2007,2006,10,17,unknown sp,,Parts,Meat,,,,,,,,
346,2016,2014,1,9,unknown sp,,Parts,Scale ;claws,unknown,,,,,,,
,2017-2019,2017,5,3,,,parts,meat and scale,,,,,,,,
,2017-2019,2015,3,9,,,Parts,"
scale",,,,,,,,
,2017-2019,2017,1,21,,,frozen,,,,,,,,,
,2017-2019,2016,,,,,parts,"meat and
scale",,,,,,,,
,2017-2019,2015,,,,,parts,scale,,,,,,,,
,2017-2019,2016,8,1,,,parts,scale,,,,,,,,